{
	"credit": "Made with Blockbench",
	"texture_size": [32, 32],
	"textures": {
		"0": "item/battle_axe_fill_texture",
		"1": "item/handle_battle_axe_texture",
		"2": "item/blade_battle_axe_texture",
		"particle": "item/battle_axe_fill_texture"
	},
	"elements": [
		{
			"from": [7, 16, 6.75],
			"to": [10.5, 17, 8.75],
			"rotation": {"angle": 0, "axis": "x", "origin": [0, -14, 0]},
			"faces": {
				"north": {"uv": [5.5, 1.5, 7.5, 2], "texture": "#2"},
				"east": {"uv": [7, 7.5, 8, 8], "texture": "#2"},
				"south": {"uv": [6, 4, 8, 4.5], "texture": "#2"},
				"west": {"uv": [0, 8, 1, 8.5], "texture": "#2"},
				"up": {"uv": [5.5, 1, 3.5, 0], "texture": "#2"},
				"down": {"uv": [5.5, 1, 3.5, 2], "texture": "#2"}
			}
		},
		{
			"from": [7, 1, 7],
			"to": [9, 3, 9],
			"rotation": {"angle": 0, "axis": "y", "origin": [0, -14, 0]},
			"faces": {
				"north": {"uv": [6, 4.5, 7, 5.5], "texture": "#2"},
				"east": {"uv": [6.5, 0, 7.5, 1], "texture": "#2"},
				"south": {"uv": [1, 6.5, 2, 7.5], "texture": "#2"},
				"west": {"uv": [2, 6.5, 3, 7.5], "texture": "#2"},
				"up": {"uv": [4, 7.5, 3, 6.5], "texture": "#2"},
				"down": {"uv": [5, 6.5, 4, 7.5], "texture": "#2"}
			}
		},
		{
			"from": [14, -3, 7],
			"to": [16, -1.5, 9],
			"rotation": {"angle": 22.5, "axis": "z", "origin": [0, -14, 0]},
			"faces": {
				"north": {"uv": [5, 6.5, 6, 7.5], "texture": "#2"},
				"east": {"uv": [6, 6.5, 7, 7.5], "texture": "#2"},
				"south": {"uv": [0, 7, 1, 8], "texture": "#2"},
				"west": {"uv": [7, 2, 8, 3], "texture": "#2"},
				"up": {"uv": [8, 4, 7, 3], "texture": "#2"},
				"down": {"uv": [8, 4.5, 7, 5.5], "texture": "#2"}
			}
		},
		{
			"from": [2.5, 5, 7],
			"to": [4, 8, 9],
			"rotation": {"angle": -22.5, "axis": "z", "origin": [0, -14, 0]},
			"faces": {
				"north": {"uv": [0, 4, 1, 5.5], "texture": "#2"},
				"east": {"uv": [1, 4, 2, 5.5], "texture": "#2"},
				"south": {"uv": [2, 4, 3, 5.5], "texture": "#2"},
				"west": {"uv": [3, 4, 4, 5.5], "texture": "#2"},
				"up": {"uv": [8, 6.5, 7, 5.5], "texture": "#2"},
				"down": {"uv": [8, 6.5, 7, 7.5], "texture": "#2"}
			}
		},
		{
			"from": [3, 8, 7],
			"to": [4, 10, 9],
			"rotation": {"angle": -22.5, "axis": "z", "origin": [0, -14, 0]},
			"faces": {
				"north": {"uv": [8, 2, 8.5, 3], "texture": "#2"},
				"east": {"uv": [7.5, 0, 8.5, 1], "texture": "#2"},
				"south": {"uv": [8, 3, 8.5, 4], "texture": "#2"},
				"west": {"uv": [1, 7.5, 2, 8.5], "texture": "#2"},
				"up": {"uv": [4.5, 9, 4, 8], "texture": "#2"},
				"down": {"uv": [8.5, 4, 8, 5], "texture": "#2"}
			}
		},
		{
			"from": [-6.25, 8.75, 7],
			"to": [-5, 11.75, 9],
			"rotation": {"angle": -45, "axis": "z", "origin": [0, -14, 0]},
			"faces": {
				"north": {"uv": [2, 7.5, 2.5, 9], "texture": "#2"},
				"east": {"uv": [4, 4, 5, 5.5], "texture": "#2"},
				"south": {"uv": [2.5, 7.5, 3, 9], "texture": "#2"},
				"west": {"uv": [5, 4, 6, 5.5], "texture": "#2"},
				"up": {"uv": [5, 9, 4.5, 8], "texture": "#2"},
				"down": {"uv": [5.5, 8, 5, 9], "texture": "#2"}
			}
		},
		{
			"from": [-6, 11.5, 6.75],
			"to": [-5, 14.5, 8.75],
			"rotation": {"angle": -45, "axis": "z", "origin": [0, -14, 0]},
			"faces": {
				"north": {"uv": [3, 7.5, 3.5, 9], "texture": "#2"},
				"east": {"uv": [0, 5.5, 1, 7], "texture": "#2"},
				"south": {"uv": [3.5, 7.5, 4, 9], "texture": "#2"},
				"west": {"uv": [5.5, 0, 6.5, 1.5], "texture": "#2"},
				"up": {"uv": [8.5, 6, 8, 5], "texture": "#2"},
				"down": {"uv": [6, 8, 5.5, 9], "texture": "#2"}
			}
		},
		{
			"from": [23.5, 1.5, 6.75],
			"to": [26.5, 2.5, 8.75],
			"rotation": {"angle": 22.5, "axis": "z", "origin": [0, -14, 0]},
			"faces": {
				"north": {"uv": [6.5, 1, 8, 1.5], "texture": "#2"},
				"east": {"uv": [8, 1, 9, 1.5], "texture": "#2"},
				"south": {"uv": [7.5, 1.5, 9, 2], "texture": "#2"},
				"west": {"uv": [6, 8, 7, 8.5], "texture": "#2"},
				"up": {"uv": [2.5, 6.5, 1, 5.5], "texture": "#2"},
				"down": {"uv": [4, 5.5, 2.5, 6.5], "texture": "#2"}
			}
		},
		{
			"from": [26.5, 1.5, 6.75],
			"to": [29.5, 2.5, 8.75],
			"rotation": {"angle": 22.5, "axis": "z", "origin": [0, -14, 0]},
			"faces": {
				"north": {"uv": [4, 7.5, 5.5, 8], "texture": "#2"},
				"east": {"uv": [8, 6, 9, 6.5], "texture": "#2"},
				"south": {"uv": [5.5, 7.5, 7, 8], "texture": "#2"},
				"west": {"uv": [8, 6.5, 9, 7], "texture": "#2"},
				"up": {"uv": [5.5, 6.5, 4, 5.5], "texture": "#2"},
				"down": {"uv": [7, 5.5, 5.5, 6.5], "texture": "#2"}
			}
		},
		{
			"from": [-10.25, 18.5, 6.75],
			"to": [-3.5, 19.5, 8.75],
			"rotation": {"angle": -45, "axis": "z", "origin": [0, -14, 0]},
			"faces": {
				"north": {"uv": [3.5, 2, 7, 2.5], "texture": "#2"},
				"east": {"uv": [7, 8, 8, 8.5], "texture": "#2"},
				"south": {"uv": [3.5, 2.5, 7, 3], "texture": "#2"},
				"west": {"uv": [8, 7, 9, 7.5], "texture": "#2"},
				"up": {"uv": [3.5, 1, 0, 0], "texture": "#2"},
				"down": {"uv": [3.5, 1, 0, 2], "texture": "#2"}
			}
		},
		{
			"from": [9.75, 16, 7],
			"to": [16.5, 17, 8.75],
			"rotation": {"angle": 0, "axis": "x", "origin": [0, -14, 0]},
			"faces": {
				"north": {"uv": [3.5, 3, 7, 3.5], "texture": "#2"},
				"east": {"uv": [8, 7.5, 9, 8], "texture": "#2"},
				"south": {"uv": [3.5, 3.5, 7, 4], "texture": "#2"},
				"west": {"uv": [8, 8, 9, 8.5], "texture": "#2"},
				"up": {"uv": [3.5, 3, 0, 2], "texture": "#2"},
				"down": {"uv": [3.5, 3, 0, 4], "texture": "#2"}
			}
		},
		{
			"name": "grab",
			"from": [-1, -15.25, 11.25],
			"to": [1, 16, 12.25],
			"rotation": {"angle": 45, "axis": "y", "origin": [0, -14, 0]},
			"faces": {
				"north": {"uv": [2, 0, 3, 15.5], "texture": "#1"},
				"east": {"uv": [5, 0, 5.5, 15.5], "texture": "#1"},
				"south": {"uv": [3, 0, 4, 15.5], "texture": "#1"},
				"west": {"uv": [5.5, 0, 6, 15.5], "texture": "#1"},
				"up": {"uv": [9, 0.5, 8, 0], "texture": "#1"},
				"down": {"uv": [9, 0.5, 8, 1], "texture": "#1"}
			}
		},
		{
			"name": "grab",
			"from": [7, -15.25, 8],
			"to": [9, 16.75, 9],
			"rotation": {"angle": 0, "axis": "y", "origin": [0, -14, 0]},
			"faces": {
				"north": {"uv": [0, 0, 1, 16], "texture": "#1"},
				"east": {"uv": [4, 0, 4.5, 16], "texture": "#1"},
				"south": {"uv": [1, 0, 2, 16], "texture": "#1"},
				"west": {"uv": [4.5, 0, 5, 16], "texture": "#1"},
				"up": {"uv": [9, 1.5, 8, 1], "texture": "#1"},
				"down": {"uv": [9, 1.5, 8, 2], "texture": "#1"}
			}
		},
		{
			"name": "grab",
			"from": [9.75, -15, 4],
			"to": [11, 15.75, 5],
			"rotation": {"angle": -22.5, "axis": "y", "origin": [0, -14, 0]},
			"faces": {
				"north": {"uv": [6, 0, 6.5, 15.5], "texture": "#1"},
				"east": {"uv": [6.5, 0, 7, 15.5], "texture": "#1"},
				"south": {"uv": [7, 0, 7.5, 15.5], "texture": "#1"},
				"west": {"uv": [7.5, 0, 8, 15.5], "texture": "#1"},
				"up": {"uv": [8.5, 2.5, 8, 2], "texture": "#1"},
				"down": {"uv": [8.5, 2.5, 8, 3], "texture": "#1"}
			}
		},
		{
			"from": [8.5, 9.75, 7.5],
			"to": [16.25, 16, 8.5],
			"faces": {
				"north": {"uv": [0, 0, 4, 3], "texture": "#0"},
				"east": {"uv": [0.5, 6, 1, 9], "texture": "#0"},
				"south": {"uv": [0, 3, 4, 6], "texture": "#0"},
				"west": {"uv": [1, 6, 1.5, 9], "texture": "#0"},
				"up": {"uv": [9.5, 4.5, 5.5, 4], "texture": "#0"},
				"down": {"uv": [9.5, 4.5, 5.5, 5], "texture": "#0"}
			}
		},
		{
			"from": [-0.5, 18.75, 7.5],
			"to": [4.25, 23, 8.5],
			"rotation": {"angle": -45, "axis": "z", "origin": [0, 0, 0]},
			"faces": {
				"north": {"uv": [5.5, 0, 8, 2], "texture": "#0"},
				"east": {"uv": [7.5, 5, 8, 7], "texture": "#0"},
				"south": {"uv": [5.5, 2, 8, 4], "texture": "#0"},
				"west": {"uv": [6.5, 7.5, 7, 9.5], "texture": "#0"},
				"up": {"uv": [8.5, 7.5, 6, 7], "texture": "#0"},
				"down": {"uv": [4, 7.5, 1.5, 8], "texture": "#0"}
			}
		},
		{
			"from": [3.75, 19.5, 7.5],
			"to": [5.25, 22.5, 8.5],
			"rotation": {"angle": -45, "axis": "z", "origin": [0, 0, 0]},
			"faces": {
				"north": {"uv": [1.5, 6, 2.5, 7.5], "texture": "#0"},
				"east": {"uv": [3.5, 6, 4, 7.5], "texture": "#0"},
				"south": {"uv": [2.5, 6, 3.5, 7.5], "texture": "#0"},
				"west": {"uv": [7, 7.5, 7.5, 9], "texture": "#0"},
				"up": {"uv": [2.5, 8.5, 1.5, 8], "texture": "#0"},
				"down": {"uv": [9, 1.5, 8, 2], "texture": "#0"}
			}
		},
		{
			"from": [4, 21.75, 7.5],
			"to": [6.25, 23, 8.5],
			"rotation": {"angle": -45, "axis": "z", "origin": [0, 0, 0]},
			"faces": {
				"north": {"uv": [8, 2, 9, 2.5], "texture": "#0"},
				"east": {"uv": [8, 3.5, 8.5, 4], "texture": "#0"},
				"south": {"uv": [2.5, 8, 3.5, 8.5], "texture": "#0"},
				"west": {"uv": [2, 8.5, 2.5, 9], "texture": "#0"},
				"up": {"uv": [9, 3, 8, 2.5], "texture": "#0"},
				"down": {"uv": [9, 3, 8, 3.5], "texture": "#0"}
			}
		},
		{
			"from": [8.5, 3.25, 7.5],
			"to": [11.25, 9.75, 8.5],
			"faces": {
				"north": {"uv": [4, 0, 5.5, 3.5], "texture": "#0"},
				"east": {"uv": [5.5, 5, 6, 8.5], "texture": "#0"},
				"south": {"uv": [4, 3.5, 5.5, 7], "texture": "#0"},
				"west": {"uv": [0, 6, 0.5, 9.5], "texture": "#0"},
				"up": {"uv": [9, 8, 7.5, 7.5], "texture": "#0"},
				"down": {"uv": [9.5, 0, 8, 0.5], "texture": "#0"}
			}
		},
		{
			"from": [11.25, 5.25, 7.5],
			"to": [12, 9.75, 8.5],
			"faces": {
				"north": {"uv": [4, 7, 4.5, 9.5], "texture": "#0"},
				"east": {"uv": [4.5, 7, 5, 9.5], "texture": "#0"},
				"south": {"uv": [5, 7, 5.5, 9.5], "texture": "#0"},
				"west": {"uv": [6, 7.5, 6.5, 10], "texture": "#0"},
				"up": {"uv": [3, 9, 2.5, 8.5], "texture": "#0"},
				"down": {"uv": [3.5, 8.5, 3, 9], "texture": "#0"}
			}
		},
		{
			"from": [12, 8.25, 7.5],
			"to": [15.25, 9.75, 8.5],
			"faces": {
				"north": {"uv": [6, 5, 7.5, 6], "texture": "#0"},
				"east": {"uv": [3.5, 8, 4, 9], "texture": "#0"},
				"south": {"uv": [6, 6, 7.5, 7], "texture": "#0"},
				"west": {"uv": [8, 5, 8.5, 6], "texture": "#0"},
				"up": {"uv": [9.5, 1, 8, 0.5], "texture": "#0"},
				"down": {"uv": [9.5, 1, 8, 1.5], "texture": "#0"}
			}
		},
		{
			"from": [12, 6.75, 7.5],
			"to": [13.25, 8.25, 8.5],
			"faces": {
				"north": {"uv": [8, 6, 8.5, 7], "texture": "#0"},
				"east": {"uv": [7.5, 8, 8, 9], "texture": "#0"},
				"south": {"uv": [8, 8, 8.5, 9], "texture": "#0"},
				"west": {"uv": [1.5, 8.5, 2, 9.5], "texture": "#0"},
				"up": {"uv": [9, 4, 8.5, 3.5], "texture": "#0"},
				"down": {"uv": [9, 5, 8.5, 5.5], "texture": "#0"}
			}
		}
	],
	"display": {
		"thirdperson_righthand": {
			"rotation": [-118, 73.4, 171.78],
			"translation": [0.5, 20.25, 29],
			"scale": [1.5, 1.5, 1.5]
		},
		"thirdperson_lefthand": {
			"rotation": [-113, -82.17, -176.87],
			"translation": [0, 12, 30.75],
			"scale": [1.5, 1.5, 1.5]
		},
		"firstperson_righthand": {
			"rotation": [0, 96, 0],
			"translation": [10, 11, 0],
			"scale": [1.5, 1.5, 1.5]
		},
		"firstperson_lefthand": {
			"rotation": [180, -65.25, -180],
			"translation": [1.25, 10.25, 4.5]
		},
		"ground": {
			"translation": [0, 18.75, 0]
		},
		"gui": {
			"translation": [0, 2, 0],
			"scale": [0.4, 0.4, 0.4]
		},
		"fixed": {
			"rotation": [1, 85, -5],
			"translation": [0, 20, 0]
		}
	},
	"groups": [
		{
			"name": "Blade",
			"origin": [0, -14, 0],
			"color": 0,
			"children": [0, 1, 2, 3, 4, 5, 6, 7, 8, 9, 10]
		},
		{
			"name": "handle",
			"origin": [0, 0, 0],
			"color": 0,
			"children": [11, 12, 13]
		},
		{
			"name": "fill",
			"origin": [8, 8, 8],
			"color": 0,
			"children": [14, 15, 16, 17, 18, 19, 20, 21]
		}
	]
}