{
    "parent": "item/handheld",
	"textures": {
		"layer0": "item/carved_pumpkin"
	},
	"overrides": [
		{ "predicate": { "custom_model_data": 0 }, "model": "block/carved_pumpkin" },
		{ "predicate": { "custom_model_data": 1 }, "model": "item/god_skull" },
		{ "predicate": { "custom_model_data": 2 }, "model": "item/owner_crown" },
		{ "predicate": { "custom_model_data": 3 }, "model": "item/spirit" },
		{ "predicate": { "custom_model_data": 4 }, "model": "item/mask" },
		{ "predicate": { "custom_model_data": 5 }, "model": "item/thunder_clapper" },
		{ "predicate": { "custom_model_data": 6 }, "model": "item/season2hat" } 
	]
}
