{
	"credit": "Made with Blockbench",
	"texture_size": [32, 32],
	"textures": {
		"0": "item/cobra_blade_handle",
		"1": "item/cobra_blade_quillons",
		"2": "item/cobra_blade_blade"
	},
	"elements": [
		{
			"from": [11.25, 0.75, 8],
			"to": [12.25, 2.75, 10],
			"rotation": {"angle": 45, "axis": "z", "origin": [0, 0, 0]},
			"faces": {
				"north": {"uv": [8.25, 1.25, 8.75, 1.75], "texture": "#0"},
				"east": {"uv": [9.25, 1.25, 9.75, 1.75], "texture": "#0"},
				"south": {"uv": [10.25, 1.25, 10.75, 1.75], "texture": "#0"},
				"west": {"uv": [11.25, 1.25, 11.75, 1.75], "texture": "#0"},
				"up": {"uv": [12.25, 1.25, 12.75, 1.75], "texture": "#0"},
				"down": {"uv": [13.25, 1.25, 13.75, 1.75], "texture": "#0"}
			}
		},
		{
			"from": [10, 0, 8],
			"to": [11.25, 2, 10],
			"rotation": {"angle": 45, "axis": "z", "origin": [0, 0, 0]},
			"faces": {
				"north": {"uv": [2.25, 1.25, 2.75, 1.75], "texture": "#0"},
				"east": {"uv": [3.25, 1.25, 3.75, 1.75], "texture": "#0"},
				"south": {"uv": [4.25, 1.25, 4.75, 1.75], "texture": "#0"},
				"west": {"uv": [5.25, 1.25, 5.75, 1.75], "texture": "#0"},
				"up": {"uv": [6.25, 1.25, 6.75, 1.75], "texture": "#0"},
				"down": {"uv": [7.25, 1.25, 7.75, 1.75], "texture": "#0"}
			}
		},
		{
			"from": [12.25, 1, 8],
			"to": [13.25, 3, 10],
			"rotation": {"angle": 45, "axis": "z", "origin": [0, 0, 0]},
			"faces": {
				"north": {"uv": [14.25, 1.25, 14.75, 1.75], "texture": "#0"},
				"east": {"uv": [15.25, 1.25, 15.75, 1.75], "texture": "#0"},
				"south": {"uv": [0.25, 2.25, 0.75, 2.75], "texture": "#0"},
				"west": {"uv": [1.25, 2.25, 1.75, 2.75], "texture": "#0"},
				"up": {"uv": [2.25, 2.25, 2.75, 2.75], "texture": "#0"},
				"down": {"uv": [3.25, 2.25, 3.75, 2.75], "texture": "#0"}
			}
		},
		{
			"from": [12.25, 3, 8],
			"to": [14.25, 4, 10],
			"rotation": {"angle": 45, "axis": "z", "origin": [0, 0, 0]},
			"faces": {
				"north": {"uv": [4.25, 2.25, 4.75, 2.75], "texture": "#0"},
				"east": {"uv": [5.25, 2.25, 5.75, 2.75], "texture": "#0"},
				"south": {"uv": [6.25, 2.25, 6.75, 2.75], "texture": "#0"},
				"west": {"uv": [7.25, 2.25, 7.75, 2.75], "texture": "#0"},
				"up": {"uv": [8.25, 2.25, 8.75, 2.75], "texture": "#0"},
				"down": {"uv": [9.25, 2.25, 9.75, 2.75], "texture": "#0"}
			}
		},
		{
			"from": [13, 4, 8],
			"to": [15, 5.5, 10],
			"rotation": {"angle": 45, "axis": "z", "origin": [0, 0, 0]},
			"faces": {
				"north": {"uv": [10.25, 2.25, 10.75, 2.75], "texture": "#0"},
				"east": {"uv": [11.25, 2.25, 11.75, 2.75], "texture": "#0"},
				"south": {"uv": [12.25, 2.25, 12.75, 2.75], "texture": "#0"},
				"west": {"uv": [13.25, 2.25, 13.75, 2.75], "texture": "#0"},
				"up": {"uv": [14.25, 2.25, 14.75, 2.75], "texture": "#0"},
				"down": {"uv": [15.25, 2.25, 15.75, 2.75], "texture": "#0"}
			}
		},
		{
			"from": [15, 5, 8],
			"to": [17, 7, 10],
			"rotation": {"angle": 45, "axis": "z", "origin": [0, 0, 0]},
			"faces": {
				"north": {"uv": [0.25, 3.25, 0.75, 3.75], "texture": "#0"},
				"east": {"uv": [1.25, 3.25, 1.75, 3.75], "texture": "#0"},
				"south": {"uv": [2.25, 3.25, 2.75, 3.75], "texture": "#0"},
				"west": {"uv": [3.25, 3.25, 3.75, 3.75], "texture": "#0"},
				"up": {"uv": [4.25, 3.25, 4.75, 3.75], "texture": "#0"},
				"down": {"uv": [5.25, 3.25, 5.75, 3.75], "texture": "#0"}
			}
		},
		{
			"from": [16, 7, 8],
			"to": [18, 8, 10],
			"rotation": {"angle": 45, "axis": "z", "origin": [0, 0, 0]},
			"faces": {
				"north": {"uv": [9, 4, 11, 5], "texture": "#1"},
				"east": {"uv": [9, 6, 11, 7], "texture": "#1"},
				"south": {"uv": [9, 8, 11, 9], "texture": "#1"},
				"west": {"uv": [9, 9, 11, 10], "texture": "#1"},
				"up": {"uv": [2, 2, 0, 0], "texture": "#1"},
				"down": {"uv": [2, 2, 0, 4], "texture": "#1"}
			}
		},
		{
			"from": [17, 6, 8],
			"to": [19, 7, 10],
			"rotation": {"angle": 45, "axis": "z", "origin": [0, 0, 0]},
			"faces": {
				"north": {"uv": [12.25, 3.25, 12.75, 3.75], "texture": "#0"},
				"east": {"uv": [13.25, 3.25, 13.75, 3.75], "texture": "#0"},
				"south": {"uv": [14.25, 3.25, 14.75, 3.75], "texture": "#0"},
				"west": {"uv": [15.25, 3.25, 15.75, 3.75], "texture": "#0"},
				"up": {"uv": [0.25, 4.25, 0.75, 4.75], "texture": "#0"},
				"down": {"uv": [1.25, 4.25, 1.75, 4.75], "texture": "#0"}
			}
		},
		{
			"from": [18, 7, 8],
			"to": [20, 9, 10],
			"rotation": {"angle": 45, "axis": "z", "origin": [0, 0, 0]},
			"faces": {
				"north": {"uv": [2, 0, 4, 2], "texture": "#1"},
				"east": {"uv": [2, 2, 4, 4], "texture": "#1"},
				"south": {"uv": [0, 4, 2, 6], "texture": "#1"},
				"west": {"uv": [4, 0, 6, 2], "texture": "#1"},
				"up": {"uv": [4, 6, 2, 4], "texture": "#1"},
				"down": {"uv": [6, 2, 4, 4], "texture": "#1"}
			}
		},
		{
			"from": [9, 0, 8],
			"to": [10, 1, 10],
			"rotation": {"angle": 45, "axis": "z", "origin": [0, 0, 0]},
			"faces": {
				"north": {"uv": [6.25, 0.25, 6.75, 0.75], "texture": "#0"},
				"east": {"uv": [7.25, 0.25, 7.75, 0.75], "texture": "#0"},
				"south": {"uv": [8.25, 0.25, 8.75, 0.75], "texture": "#0"},
				"west": {"uv": [9.25, 0.25, 9.75, 0.75], "texture": "#0"},
				"up": {"uv": [10.25, 0.25, 10.75, 0.75], "texture": "#0"},
				"down": {"uv": [11.25, 0.25, 11.75, 0.75], "texture": "#0"}
			}
		},
		{
			"from": [10, -1, 8],
			"to": [11, 0, 10],
			"rotation": {"angle": 45, "axis": "z", "origin": [0, 0, 0]},
			"faces": {
				"north": {"uv": [12.25, 0.25, 12.75, 0.75], "texture": "#0"},
				"east": {"uv": [13.25, 0.25, 13.75, 0.75], "texture": "#0"},
				"south": {"uv": [14.25, 0.25, 14.75, 0.75], "texture": "#0"},
				"west": {"uv": [15.25, 0.25, 15.75, 0.75], "texture": "#0"},
				"up": {"uv": [0.25, 1.25, 0.75, 1.75], "texture": "#0"},
				"down": {"uv": [1.25, 1.25, 1.75, 1.75], "texture": "#0"}
			}
		},
		{
			"from": [8, -1, 8],
			"to": [9, 0, 10],
			"rotation": {"angle": 45, "axis": "z", "origin": [0, 0, 0]},
			"faces": {
				"north": {"uv": [0.25, 0.25, 0.75, 0.75], "texture": "#0"},
				"east": {"uv": [1.25, 0.25, 1.75, 0.75], "texture": "#0"},
				"south": {"uv": [2.25, 0.25, 2.75, 0.75], "texture": "#0"},
				"west": {"uv": [3.25, 0.25, 3.75, 0.75], "texture": "#0"},
				"up": {"uv": [4.25, 0.25, 4.75, 0.75], "texture": "#0"},
				"down": {"uv": [5.25, 0.25, 5.75, 0.75], "texture": "#0"}
			}
		},
		{
			"from": [20, 7, 8],
			"to": [21, 8, 10],
			"rotation": {"angle": 45, "axis": "z", "origin": [0, 0, 0]},
			"faces": {
				"north": {"uv": [10, 3, 11, 4], "texture": "#1"},
				"east": {"uv": [7, 4, 9, 5], "texture": "#1"},
				"south": {"uv": [5, 10, 6, 11], "texture": "#1"},
				"west": {"uv": [7, 6, 9, 7], "texture": "#1"},
				"up": {"uv": [8, 9, 7, 7], "texture": "#1"},
				"down": {"uv": [1, 8, 0, 10], "texture": "#1"}
			}
		},
		{
			"from": [20, 6, 8],
			"to": [21, 7, 10],
			"rotation": {"angle": 45, "axis": "z", "origin": [0, 0, 0]},
			"faces": {
				"north": {"uv": [8, 10, 9, 11], "texture": "#1"},
				"east": {"uv": [1, 9, 3, 10], "texture": "#1"},
				"south": {"uv": [9, 10, 10, 11], "texture": "#1"},
				"west": {"uv": [9, 1, 11, 2], "texture": "#1"},
				"up": {"uv": [10, 4, 9, 2], "texture": "#1"},
				"down": {"uv": [5, 9, 4, 11], "texture": "#1"}
			}
		},
		{
			"from": [21, 5, 8],
			"to": [22, 6, 10],
			"rotation": {"angle": 45, "axis": "z", "origin": [0, 0, 0]},
			"faces": {
				"north": {"uv": [7, 10, 8, 11], "texture": "#1"},
				"east": {"uv": [8, 5, 10, 6], "texture": "#1"},
				"south": {"uv": [10, 7, 11, 8], "texture": "#1"},
				"west": {"uv": [8, 7, 10, 8], "texture": "#1"},
				"up": {"uv": [7, 10, 6, 8], "texture": "#1"},
				"down": {"uv": [9, 8, 8, 10], "texture": "#1"}
			}
		},
		{
			"from": [19, 9, 7.8],
			"to": [20, 10, 9.8],
			"rotation": {"angle": 45, "axis": "z", "origin": [0, 0, 0]},
			"faces": {
				"north": {"uv": [10, 2, 11, 3], "texture": "#1"},
				"east": {"uv": [1, 7, 3, 8], "texture": "#1"},
				"south": {"uv": [3, 10, 4, 11], "texture": "#1"},
				"west": {"uv": [7, 3, 9, 4], "texture": "#1"},
				"up": {"uv": [5, 9, 4, 7], "texture": "#1"},
				"down": {"uv": [6, 7, 5, 9], "texture": "#1"}
			}
		},
		{
			"from": [20, 10, 8],
			"to": [21, 11, 10],
			"rotation": {"angle": 45, "axis": "z", "origin": [0, 0, 0]},
			"faces": {
				"north": {"uv": [3.5, 8, 4, 8.5], "texture": "#2"},
				"east": {"uv": [0.5, 7, 1.5, 7.5], "texture": "#2"},
				"south": {"uv": [8, 3.5, 8.5, 4], "texture": "#2"},
				"west": {"uv": [7, 1.5, 8, 2], "texture": "#2"},
				"up": {"uv": [2.5, 8, 2, 7], "texture": "#2"},
				"down": {"uv": [7.5, 2, 7, 3], "texture": "#2"}
			}
		},
		{
			"from": [20, 9, 7.8],
			"to": [21, 10, 9.8],
			"rotation": {"angle": 45, "axis": "z", "origin": [0, 0, 0]},
			"faces": {
				"north": {"uv": [4, 8, 4.5, 8.5], "texture": "#2"},
				"east": {"uv": [3, 7, 4, 7.5], "texture": "#2"},
				"south": {"uv": [8, 4, 8.5, 4.5], "texture": "#2"},
				"west": {"uv": [7, 3, 8, 3.5], "texture": "#2"},
				"up": {"uv": [7.5, 4.5, 7, 3.5], "texture": "#2"},
				"down": {"uv": [4.5, 7, 4, 8], "texture": "#2"}
			}
		},
		{
			"from": [20, 8, 8],
			"to": [21, 9, 10],
			"rotation": {"angle": 45, "axis": "z", "origin": [0, 0, 0]},
			"faces": {
				"north": {"uv": [10, 5, 11, 6], "texture": "#1"},
				"east": {"uv": [8, 0, 10, 1], "texture": "#1"},
				"south": {"uv": [6, 10, 7, 11], "texture": "#1"},
				"west": {"uv": [1, 8, 3, 9], "texture": "#1"},
				"up": {"uv": [9, 3, 8, 1], "texture": "#1"},
				"down": {"uv": [4, 8, 3, 10], "texture": "#1"}
			}
		},
		{
			"from": [21, 8, 7.1],
			"to": [22, 9, 10.1],
			"rotation": {"angle": 45, "axis": "z", "origin": [0, 0, 0]},
			"faces": {
				"north": {"uv": [2, 8, 2.5, 8.5], "texture": "#2"},
				"east": {"uv": [0, 0, 1.5, 0.5], "texture": "#2"},
				"south": {"uv": [8, 2, 8.5, 2.5], "texture": "#2"},
				"west": {"uv": [0, 0.5, 1.5, 1], "texture": "#2"},
				"up": {"uv": [0.5, 2.5, 0, 1], "texture": "#2"},
				"down": {"uv": [1, 1, 0.5, 2.5], "texture": "#2"}
			}
		},
		{
			"from": [21, 9, 7.8],
			"to": [22, 10, 9.8],
			"rotation": {"angle": 45, "axis": "z", "origin": [0, 0, 0]},
			"faces": {
				"north": {"uv": [2.5, 8, 3, 8.5], "texture": "#2"},
				"east": {"uv": [6.5, 1, 7.5, 1.5], "texture": "#2"},
				"south": {"uv": [8, 2.5, 8.5, 3], "texture": "#2"},
				"west": {"uv": [3, 6.5, 4, 7], "texture": "#2"},
				"up": {"uv": [7, 4, 6.5, 3], "texture": "#2"},
				"down": {"uv": [7, 4, 6.5, 5], "texture": "#2"}
			}
		},
		{
			"from": [21, 10, 8],
			"to": [22, 11, 10],
			"rotation": {"angle": 45, "axis": "z", "origin": [0, 0, 0]},
			"faces": {
				"north": {"uv": [3, 8, 3.5, 8.5], "texture": "#2"},
				"east": {"uv": [4.5, 6.5, 5.5, 7], "texture": "#2"},
				"south": {"uv": [8, 3, 8.5, 3.5], "texture": "#2"},
				"west": {"uv": [6.5, 5, 7.5, 5.5], "texture": "#2"},
				"up": {"uv": [6, 7.5, 5.5, 6.5], "texture": "#2"},
				"down": {"uv": [7, 6, 6.5, 7], "texture": "#2"}
			}
		},
		{
			"from": [21, 11, 8],
			"to": [22, 12, 10],
			"rotation": {"angle": 45, "axis": "z", "origin": [0, 0, 0]},
			"faces": {
				"north": {"uv": [1, 8, 1.5, 8.5], "texture": "#2"},
				"east": {"uv": [5, 6, 6, 6.5], "texture": "#2"},
				"south": {"uv": [8, 1, 8.5, 1.5], "texture": "#2"},
				"west": {"uv": [6, 5.5, 7, 6], "texture": "#2"},
				"up": {"uv": [6.5, 7, 6, 6], "texture": "#2"},
				"down": {"uv": [0.5, 6.5, 0, 7.5], "texture": "#2"}
			}
		},
		{
			"from": [22, 11, 8],
			"to": [23, 12, 10],
			"rotation": {"angle": 45, "axis": "z", "origin": [0, 0, 0]},
			"faces": {
				"north": {"uv": [0.5, 8, 1, 8.5], "texture": "#2"},
				"east": {"uv": [6, 2.5, 7, 3], "texture": "#2"},
				"south": {"uv": [8, 0.5, 8.5, 1], "texture": "#2"},
				"west": {"uv": [3, 6, 4, 6.5], "texture": "#2"},
				"up": {"uv": [4.5, 7, 4, 6], "texture": "#2"},
				"down": {"uv": [6.5, 4.5, 6, 5.5], "texture": "#2"}
			}
		},
		{
			"from": [22, 10, 8],
			"to": [23, 11, 10],
			"rotation": {"angle": 45, "axis": "z", "origin": [0, 0, 0]},
			"faces": {
				"north": {"uv": [1.5, 8, 2, 8.5], "texture": "#2"},
				"east": {"uv": [6.5, 0, 7.5, 0.5], "texture": "#2"},
				"south": {"uv": [8, 1.5, 8.5, 2], "texture": "#2"},
				"west": {"uv": [6.5, 0.5, 7.5, 1], "texture": "#2"},
				"up": {"uv": [2, 7.5, 1.5, 6.5], "texture": "#2"},
				"down": {"uv": [3, 6.5, 2.5, 7.5], "texture": "#2"}
			}
		},
		{
			"from": [23, 11, 8],
			"to": [24, 12, 10],
			"rotation": {"angle": 45, "axis": "z", "origin": [0, 0, 0]},
			"faces": {
				"north": {"uv": [7.5, 7, 8, 7.5], "texture": "#2"},
				"east": {"uv": [5.5, 4, 6.5, 4.5], "texture": "#2"},
				"south": {"uv": [7.5, 7.5, 8, 8], "texture": "#2"},
				"west": {"uv": [5, 5.5, 6, 6], "texture": "#2"},
				"up": {"uv": [1, 7, 0.5, 6], "texture": "#2"},
				"down": {"uv": [6.5, 0.5, 6, 1.5], "texture": "#2"}
			}
		},
		{
			"from": [23, 12.8, 8],
			"to": [24, 13.8, 10],
			"rotation": {"angle": 45, "axis": "z", "origin": [0, 0, 0]},
			"faces": {
				"north": {"uv": [7.5, 6, 8, 6.5], "texture": "#2"},
				"east": {"uv": [5.5, 0, 6.5, 0.5], "texture": "#2"},
				"south": {"uv": [6.5, 7.5, 7, 8], "texture": "#2"},
				"west": {"uv": [0.5, 5.5, 1.5, 6], "texture": "#2"},
				"up": {"uv": [2, 6.5, 1.5, 5.5], "texture": "#2"},
				"down": {"uv": [6, 1.5, 5.5, 2.5], "texture": "#2"}
			}
		},
		{
			"from": [24, 12.8, 8],
			"to": [25, 13.8, 10],
			"rotation": {"angle": 45, "axis": "z", "origin": [0, 0, 0]},
			"faces": {
				"north": {"uv": [7.5, 5.5, 8, 6], "texture": "#2"},
				"east": {"uv": [5, 4.5, 6, 5], "texture": "#2"},
				"south": {"uv": [6, 7.5, 6.5, 8], "texture": "#2"},
				"west": {"uv": [5, 5, 6, 5.5], "texture": "#2"},
				"up": {"uv": [4.5, 6, 4, 5], "texture": "#2"},
				"down": {"uv": [0.5, 5.5, 0, 6.5], "texture": "#2"}
			}
		},
		{
			"from": [24, 13.8, 8],
			"to": [25, 14.8, 10],
			"rotation": {"angle": 45, "axis": "z", "origin": [0, 0, 0]},
			"faces": {
				"north": {"uv": [7.5, 5, 8, 5.5], "texture": "#2"},
				"east": {"uv": [5, 1, 6, 1.5], "texture": "#2"},
				"south": {"uv": [5.5, 7.5, 6, 8], "texture": "#2"},
				"west": {"uv": [5, 2.5, 6, 3], "texture": "#2"},
				"up": {"uv": [4, 6, 3.5, 5], "texture": "#2"},
				"down": {"uv": [5.5, 3.5, 5, 4.5], "texture": "#2"}
			}
		},
		{
			"from": [24.8, 13.8, 8],
			"to": [25.8, 14.8, 10],
			"rotation": {"angle": 45, "axis": "z", "origin": [0, 0, 0]},
			"faces": {
				"north": {"uv": [7.5, 4.5, 8, 5], "texture": "#2"},
				"east": {"uv": [0, 5, 1, 5.5], "texture": "#2"},
				"south": {"uv": [5, 7.5, 5.5, 8], "texture": "#2"},
				"west": {"uv": [5, 0.5, 6, 1], "texture": "#2"},
				"up": {"uv": [2.5, 6, 2, 5], "texture": "#2"},
				"down": {"uv": [3.5, 5, 3, 6], "texture": "#2"}
			}
		},
		{
			"from": [24.8, 14.7, 8],
			"to": [25.8, 15.7, 10],
			"rotation": {"angle": 45, "axis": "z", "origin": [0, 0, 0]},
			"faces": {
				"north": {"uv": [7.5, 4, 8, 4.5], "texture": "#2"},
				"east": {"uv": [3, 4.5, 4, 5], "texture": "#2"},
				"south": {"uv": [4.5, 7.5, 5, 8], "texture": "#2"},
				"west": {"uv": [4.5, 3, 5.5, 3.5], "texture": "#2"},
				"up": {"uv": [5, 4.5, 4.5, 3.5], "texture": "#2"},
				"down": {"uv": [5, 4.5, 4.5, 5.5], "texture": "#2"}
			}
		},
		{
			"from": [25.8, 14.7, 8],
			"to": [26.8, 15.7, 10],
			"rotation": {"angle": 45, "axis": "z", "origin": [0, 0, 0]},
			"faces": {
				"north": {"uv": [3.5, 7.5, 4, 8], "texture": "#2"},
				"east": {"uv": [4.5, 1.5, 5.5, 2], "texture": "#2"},
				"south": {"uv": [7.5, 3.5, 8, 4], "texture": "#2"},
				"west": {"uv": [4.5, 2, 5.5, 2.5], "texture": "#2"},
				"up": {"uv": [2, 5.5, 1.5, 4.5], "texture": "#2"},
				"down": {"uv": [3, 4.5, 2.5, 5.5], "texture": "#2"}
			}
		},
		{
			"from": [25.8, 15.7, 8],
			"to": [26.8, 16.7, 10],
			"rotation": {"angle": 45, "axis": "z", "origin": [0, 0, 0]},
			"faces": {
				"north": {"uv": [7.5, 2.5, 8, 3], "texture": "#2"},
				"east": {"uv": [0, 4.5, 1, 5], "texture": "#2"},
				"south": {"uv": [3, 7.5, 3.5, 8], "texture": "#2"},
				"west": {"uv": [4.5, 0, 5.5, 0.5], "texture": "#2"},
				"up": {"uv": [5, 1.5, 4.5, 0.5], "texture": "#2"},
				"down": {"uv": [1.5, 4.5, 1, 5.5], "texture": "#2"}
			}
		},
		{
			"from": [26.8, 15.7, 8],
			"to": [27.8, 16.7, 10],
			"rotation": {"angle": 45, "axis": "z", "origin": [0, 0, 0]},
			"faces": {
				"north": {"uv": [7.5, 1, 8, 1.5], "texture": "#2"},
				"east": {"uv": [3, 3.5, 4, 4], "texture": "#2"},
				"south": {"uv": [1.5, 7.5, 2, 8], "texture": "#2"},
				"west": {"uv": [0.5, 4, 1.5, 4.5], "texture": "#2"},
				"up": {"uv": [4.5, 2, 4, 1], "texture": "#2"},
				"down": {"uv": [2.5, 4, 2, 5], "texture": "#2"}
			}
		},
		{
			"from": [26.8, 16.7, 8],
			"to": [27.8, 17.7, 10],
			"rotation": {"angle": 45, "axis": "z", "origin": [0, 0, 0]},
			"faces": {
				"north": {"uv": [7.5, 2, 8, 2.5], "texture": "#2"},
				"east": {"uv": [4, 2.5, 5, 3], "texture": "#2"},
				"south": {"uv": [2.5, 7.5, 3, 8], "texture": "#2"},
				"west": {"uv": [3, 4, 4, 4.5], "texture": "#2"},
				"up": {"uv": [4.5, 4, 4, 3], "texture": "#2"},
				"down": {"uv": [4.5, 4, 4, 5], "texture": "#2"}
			}
		},
		{
			"from": [27.8, 16.7, 8],
			"to": [28.8, 17.7, 10],
			"rotation": {"angle": 45, "axis": "z", "origin": [0, 0, 0]},
			"faces": {
				"north": {"uv": [7.5, 0, 8, 0.5], "texture": "#2"},
				"east": {"uv": [2.5, 3, 3.5, 3.5], "texture": "#2"},
				"south": {"uv": [0.5, 7.5, 1, 8], "texture": "#2"},
				"west": {"uv": [3.5, 0, 4.5, 0.5], "texture": "#2"},
				"up": {"uv": [0.5, 4.5, 0, 3.5], "texture": "#2"},
				"down": {"uv": [2, 3.5, 1.5, 4.5], "texture": "#2"}
			}
		},
		{
			"from": [28.8, 17.7, 8],
			"to": [29.8, 18.7, 10],
			"rotation": {"angle": 45, "axis": "z", "origin": [0, 0, 0]},
			"faces": {
				"north": {"uv": [6.5, 7, 7, 7.5], "texture": "#2"},
				"east": {"uv": [2.5, 0.5, 3.5, 1], "texture": "#2"},
				"south": {"uv": [7, 6.5, 7.5, 7], "texture": "#2"},
				"west": {"uv": [2, 2.5, 3, 3], "texture": "#2"},
				"up": {"uv": [1, 4, 0.5, 3], "texture": "#2"},
				"down": {"uv": [1.5, 3, 1, 4], "texture": "#2"}
			}
		},
		{
			"from": [27.8, 17.7, 8],
			"to": [28.8, 18.7, 10],
			"rotation": {"angle": 45, "axis": "z", "origin": [0, 0, 0]},
			"faces": {
				"north": {"uv": [7, 7, 7.5, 7.5], "texture": "#2"},
				"east": {"uv": [3, 1, 4, 1.5], "texture": "#2"},
				"south": {"uv": [0, 7.5, 0.5, 8], "texture": "#2"},
				"west": {"uv": [3, 1.5, 4, 2], "texture": "#2"},
				"up": {"uv": [2.5, 4, 2, 3], "texture": "#2"},
				"down": {"uv": [3.5, 2, 3, 3], "texture": "#2"}
			}
		},
		{
			"from": [27.8, 15.7, 8],
			"to": [28.8, 16.7, 10],
			"rotation": {"angle": 45, "axis": "z", "origin": [0, 0, 0]},
			"faces": {
				"north": {"uv": [7.5, 0.5, 8, 1], "texture": "#2"},
				"east": {"uv": [3.5, 0.5, 4.5, 1], "texture": "#2"},
				"south": {"uv": [1, 7.5, 1.5, 8], "texture": "#2"},
				"west": {"uv": [3.5, 2, 4.5, 2.5], "texture": "#2"},
				"up": {"uv": [3, 4.5, 2.5, 3.5], "texture": "#2"},
				"down": {"uv": [4, 2.5, 3.5, 3.5], "texture": "#2"}
			}
		},
		{
			"from": [29.8, 18.7, 8],
			"to": [30.8, 19.7, 9.9],
			"rotation": {"angle": 45, "axis": "z", "origin": [0, 0, 0]},
			"faces": {
				"north": {"uv": [5, 7, 5.5, 7.5], "texture": "#2"},
				"east": {"uv": [1.5, 0.5, 2.5, 1], "texture": "#2"},
				"south": {"uv": [7, 5.5, 7.5, 6], "texture": "#2"},
				"west": {"uv": [2, 1, 3, 1.5], "texture": "#2"},
				"up": {"uv": [2.5, 2.5, 2, 1.5], "texture": "#2"},
				"down": {"uv": [0.5, 2.5, 0, 3.5], "texture": "#2"}
			}
		},
		{
			"from": [28.8, 18.7, 8],
			"to": [29.8, 19.7, 10],
			"rotation": {"angle": 45, "axis": "z", "origin": [0, 0, 0]},
			"faces": {
				"north": {"uv": [6, 7, 6.5, 7.5], "texture": "#2"},
				"east": {"uv": [2.5, 0, 3.5, 0.5], "texture": "#2"},
				"south": {"uv": [7, 6, 7.5, 6.5], "texture": "#2"},
				"west": {"uv": [0.5, 2.5, 1.5, 3], "texture": "#2"},
				"up": {"uv": [2, 3.5, 1.5, 2.5], "texture": "#2"},
				"down": {"uv": [3, 1.5, 2.5, 2.5], "texture": "#2"}
			}
		},
		{
			"from": [30.8, 19.7, 8],
			"to": [31.8, 20.7, 9.9],
			"rotation": {"angle": 45, "axis": "z", "origin": [0, 0, 0]},
			"faces": {
				"north": {"uv": [4.5, 7, 5, 7.5], "texture": "#2"},
				"east": {"uv": [1, 1, 2, 1.5], "texture": "#2"},
				"south": {"uv": [7, 4.5, 7.5, 5], "texture": "#2"},
				"west": {"uv": [1.5, 0, 2.5, 0.5], "texture": "#2"},
				"up": {"uv": [1.5, 2.5, 1, 1.5], "texture": "#2"},
				"down": {"uv": [2, 1.5, 1.5, 2.5], "texture": "#2"}
			}
		},
		{
			"from": [30.8, 19.7, 8],
			"to": [31.8, 20.7, 9.9],
			"rotation": {"angle": 45, "axis": "z", "origin": [0, 0, 0]},
			"color": 4,
			"faces": {
				"north": {"uv": [0, 0, 0.5, 0.5], "texture": "#missing"},
				"east": {"uv": [0, 0, 0.95, 0.5], "texture": "#missing"},
				"south": {"uv": [0, 0, 0.5, 0.5], "texture": "#missing"},
				"west": {"uv": [0, 0, 0.95, 0.5], "texture": "#missing"},
				"up": {"uv": [0, 0, 0.5, 0.95], "texture": "#missing"},
				"down": {"uv": [0, 0, 0.5, 0.95], "texture": "#missing"}
			}
		},
		{
			"from": [27.8, 16.7, 8],
			"to": [28.8, 17.7, 10],
			"rotation": {"angle": 45, "axis": "z", "origin": [0, 0, 0]},
			"color": 4,
			"faces": {
				"north": {"uv": [0, 0, 0.5, 0.5], "texture": "#missing"},
				"east": {"uv": [0, 0, 1, 0.5], "texture": "#missing"},
				"south": {"uv": [0, 0, 0.5, 0.5], "texture": "#missing"},
				"west": {"uv": [0, 0, 1, 0.5], "texture": "#missing"},
				"up": {"uv": [0, 0, 0.5, 1], "texture": "#missing"},
				"down": {"uv": [0, 0, 0.5, 1], "texture": "#missing"}
			}
		},
		{
			"from": [23, 12, 8],
			"to": [24, 13, 10],
			"rotation": {"angle": 45, "axis": "z", "origin": [0, 0, 0]},
			"faces": {
				"north": {"uv": [7.5, 6.5, 8, 7], "texture": "#2"},
				"east": {"uv": [5.5, 3, 6.5, 3.5], "texture": "#2"},
				"south": {"uv": [7, 7.5, 7.5, 8], "texture": "#2"},
				"west": {"uv": [5.5, 3.5, 6.5, 4], "texture": "#2"},
				"up": {"uv": [3, 6.5, 2.5, 5.5], "texture": "#2"},
				"down": {"uv": [5, 5.5, 4.5, 6.5], "texture": "#2"}
			}
		},
		{
			"from": [23, 12, 8],
			"to": [24, 13, 10],
			"rotation": {"angle": 45, "axis": "z", "origin": [0, 0, 0]},
			"color": 4,
			"faces": {
				"north": {"uv": [0, 0, 0.5, 0.5], "texture": "#missing"},
				"east": {"uv": [0, 0, 1, 0.5], "texture": "#missing"},
				"south": {"uv": [0, 0, 0.5, 0.5], "texture": "#missing"},
				"west": {"uv": [0, 0, 1, 0.5], "texture": "#missing"},
				"up": {"uv": [0, 0, 0.5, 1], "texture": "#missing"},
				"down": {"uv": [0, 0, 0.5, 1], "texture": "#missing"}
			}
		},
		{
			"from": [21.9, 12, 8],
			"to": [22.9, 13, 10],
			"rotation": {"angle": 45, "axis": "z", "origin": [0, 0, 0]},
			"faces": {
				"north": {"uv": [0, 8, 0.5, 8.5], "texture": "#2"},
				"east": {"uv": [6, 1.5, 7, 2], "texture": "#2"},
				"south": {"uv": [8, 0, 8.5, 0.5], "texture": "#2"},
				"west": {"uv": [6, 2, 7, 2.5], "texture": "#2"},
				"up": {"uv": [1.5, 7, 1, 6], "texture": "#2"},
				"down": {"uv": [2.5, 6, 2, 7], "texture": "#2"}
			}
		},
		{
			"from": [18, 9, 7.8],
			"to": [19, 10, 9.8],
			"rotation": {"angle": 45, "axis": "z", "origin": [0, 0, 0]},
			"faces": {
				"north": {"uv": [1, 10, 2, 11], "texture": "#1"},
				"east": {"uv": [4, 6, 6, 7], "texture": "#1"},
				"south": {"uv": [2, 10, 3, 11], "texture": "#1"},
				"west": {"uv": [6, 5, 8, 6], "texture": "#1"},
				"up": {"uv": [7, 8, 6, 6], "texture": "#1"},
				"down": {"uv": [8, 0, 7, 2], "texture": "#1"}
			}
		},
		{
			"from": [17, 9, 7.1],
			"to": [18, 10, 9.1],
			"rotation": {"angle": 45, "axis": "z", "origin": [0, 0, 0]},
			"faces": {
				"north": {"uv": [0, 10, 1, 11], "texture": "#1"},
				"east": {"uv": [1, 6, 3, 7], "texture": "#1"},
				"south": {"uv": [10, 0, 11, 1], "texture": "#1"},
				"west": {"uv": [6, 2, 8, 3], "texture": "#1"},
				"up": {"uv": [4, 8, 3, 6], "texture": "#1"},
				"down": {"uv": [7, 3, 6, 5], "texture": "#1"}
			}
		},
		{
			"from": [16, 10, 7.8],
			"to": [17, 11, 9.8],
			"rotation": {"angle": 45, "axis": "z", "origin": [0, 0, 0]},
			"faces": {
				"north": {"uv": [5, 9, 6, 10], "texture": "#1"},
				"east": {"uv": [4, 4, 6, 5], "texture": "#1"},
				"south": {"uv": [7, 9, 8, 10], "texture": "#1"},
				"west": {"uv": [4, 5, 6, 6], "texture": "#1"},
				"up": {"uv": [1, 8, 0, 6], "texture": "#1"},
				"down": {"uv": [7, 0, 6, 2], "texture": "#1"}
			}
		}
	],
	"display": {
		"thirdperson_righthand": {
			"rotation": [12, 90, -13],
			"translation": [-1, -2.75, 0]
		},
		"thirdperson_lefthand": {
			"rotation": [-132.29, 76.6, 171.87],
			"translation": [-1.75, -1.5, 0]
		},
		"firstperson_righthand": {
			"rotation": [0, 89.5, 0],
			"translation": [0, 0, 1.25],
			"scale": [0.5332, 0.5332, 0.5332]
		},
		"firstperson_lefthand": {
			"rotation": [0, 71, 0],
			"translation": [0, 0, 1.5],
			"scale": [0.53, 0.53, 0.53]
		},
		"ground": {
			"translation": [0, -4.25, 0],
			"scale": [0.6, 0.6, 0.6]
		},
		"gui": {
			"translation": [0, -5.75, 0],
			"scale": [0.46875, 0.46875, 0.46875]
		},
		"fixed": {
			"translation": [0, -7, 0]
		}
	}
}