{
    "parent": "minecraft:item/handheld",
    "textures": {
        "layer0": "minecraft:item/diamond_sword"
    },
    "overrides": [
        
        
        {
            "predicate": {
                "custom_model_data": 1
            },
            "model": "minecraft:item/god_sword"
        },


        {
            "predicate": {
                "custom_model_data": 2
            },
            "model": "minecraft:item/giga_sword"
        },


        {
            "predicate": {
                "custom_model_data": 3
            },
            "model": "minecraft:item/eternal_blade"
        }

    ]
}