{
	"credit": "Made with Blockbench",
	"texture_size": [64, 64],
	"textures": {
		"0": "item/dragon_wing_sword",
		"1": "item/guard_dragon_blade",
		"2": "item/dragon_blade_texture_handle",
		"3": "item/dragon_blade_blade",
		"particle": "item/dragon_wing_sword"
	},
	"elements": [
		{
			"from": [6, -6, 6.5],
			"to": [10, -4, 9.5],
			"faces": {
				"north": {"uv": [2, 0, 4, 1], "texture": "#1"},
				"east": {"uv": [2, 7, 3.5, 8], "texture": "#1"},
				"south": {"uv": [2, 1, 4, 2], "texture": "#1"},
				"west": {"uv": [3.5, 7, 5, 8], "texture": "#1"},
				"up": {"uv": [2, 1.5, 0, 0], "texture": "#1"},
				"down": {"uv": [2, 1.5, 0, 3], "texture": "#1"}
			}
		},
		{
			"from": [2, -5, 7],
			"to": [6, -3, 9],
			"faces": {
				"north": {"uv": [2, 2, 4, 3], "texture": "#1"},
				"east": {"uv": [5, 7, 6, 8], "texture": "#1"},
				"south": {"uv": [0, 3, 2, 4], "texture": "#1"},
				"west": {"uv": [6, 7, 7, 8], "texture": "#1"},
				"up": {"uv": [4, 4, 2, 3], "texture": "#1"},
				"down": {"uv": [2, 4, 0, 5], "texture": "#1"}
			}
		},
		{
			"from": [-2, -4, 7],
			"to": [2, -2, 9],
			"faces": {
				"north": {"uv": [4, 0, 6, 1], "texture": "#1"},
				"east": {"uv": [7, 7, 8, 8], "texture": "#1"},
				"south": {"uv": [4, 1, 6, 2], "texture": "#1"},
				"west": {"uv": [0, 8, 1, 9], "texture": "#1"},
				"up": {"uv": [4, 5, 2, 4], "texture": "#1"},
				"down": {"uv": [6, 2, 4, 3], "texture": "#1"}
			}
		},
		{
			"from": [-6, -3, 7],
			"to": [-2, -1, 9],
			"faces": {
				"north": {"uv": [4, 3, 6, 4], "texture": "#1"},
				"east": {"uv": [8, 0, 9, 1], "texture": "#1"},
				"south": {"uv": [4, 4, 6, 5], "texture": "#1"},
				"west": {"uv": [1, 8, 2, 9], "texture": "#1"},
				"up": {"uv": [2, 6, 0, 5], "texture": "#1"},
				"down": {"uv": [4, 5, 2, 6], "texture": "#1"}
			}
		},
		{
			"from": [18, -3, 7],
			"to": [22, -1, 9],
			"faces": {
				"north": {"uv": [4, 5, 6, 6], "texture": "#1"},
				"east": {"uv": [8, 1, 9, 2], "texture": "#1"},
				"south": {"uv": [0, 6, 2, 7], "texture": "#1"},
				"west": {"uv": [2, 8, 3, 9], "texture": "#1"},
				"up": {"uv": [8, 1, 6, 0], "texture": "#1"},
				"down": {"uv": [8, 1, 6, 2], "texture": "#1"}
			}
		},
		{
			"from": [10, -5, 7],
			"to": [14, -3, 9],
			"faces": {
				"north": {"uv": [2, 6, 4, 7], "texture": "#1"},
				"east": {"uv": [8, 2, 9, 3], "texture": "#1"},
				"south": {"uv": [6, 2, 8, 3], "texture": "#1"},
				"west": {"uv": [3, 8, 4, 9], "texture": "#1"},
				"up": {"uv": [8, 4, 6, 3], "texture": "#1"},
				"down": {"uv": [6, 6, 4, 7], "texture": "#1"}
			}
		},
		{
			"from": [14, -4, 7],
			"to": [18, -2, 9],
			"faces": {
				"north": {"uv": [6, 4, 8, 5], "texture": "#1"},
				"east": {"uv": [8, 3, 9, 4], "texture": "#1"},
				"south": {"uv": [6, 5, 8, 6], "texture": "#1"},
				"west": {"uv": [4, 8, 5, 9], "texture": "#1"},
				"up": {"uv": [8, 7, 6, 6], "texture": "#1"},
				"down": {"uv": [2, 7, 0, 8], "texture": "#1"}
			}
		},
		{
			"from": [-5, -10, 7.95],
			"to": [7, -3, 8.05],
			"faces": {
				"north": {"uv": [0, 0, 6, 3.5], "texture": "#0"},
				"east": {"uv": [6, 1, 6.5, 4.5], "texture": "#0"},
				"south": {"uv": [0, 3.5, 6, 7], "texture": "#0"},
				"west": {"uv": [6, 4.5, 6.5, 8], "texture": "#0"},
				"up": {"uv": [12, 0.5, 6, 0], "texture": "#0"},
				"down": {"uv": [12, 0.5, 6, 1], "texture": "#0"}
			}
		},
		{
			"from": [9, -10, 7.95],
			"to": [21, -3, 8.05],
			"faces": {
				"north": {"uv": [6, 0, 0, 3.5], "texture": "#0"},
				"east": {"uv": [6, 1, 6.5, 4.5], "texture": "#0"},
				"south": {"uv": [6, 3.5, 0, 7], "texture": "#0"},
				"west": {"uv": [6, 4.5, 6.5, 8], "texture": "#0"},
				"up": {"uv": [12, 0.5, 6, 0], "texture": "#0"},
				"down": {"uv": [12, 0.5, 6, 1], "texture": "#0"}
			}
		},
		{
			"from": [7, -14, 7.5],
			"to": [9, -5, 8.5],
			"faces": {
				"north": {"uv": [0, 0, 1, 4.5], "texture": "#2"},
				"east": {"uv": [4, 4, 4.5, 8.5], "texture": "#2"},
				"south": {"uv": [1, 0, 2, 4.5], "texture": "#2"},
				"west": {"uv": [0, 4.5, 0.5, 9], "texture": "#2"},
				"up": {"uv": [7, 0.5, 6, 0], "texture": "#2"},
				"down": {"uv": [7, 0.5, 6, 1], "texture": "#2"}
			}
		},
		{
			"from": [6, -16, 6],
			"to": [10, -14, 10],
			"faces": {
				"north": {"uv": [1.5, 4.5, 3.5, 5.5], "texture": "#2"},
				"east": {"uv": [4.5, 4, 6.5, 5], "texture": "#2"},
				"south": {"uv": [4.5, 5, 6.5, 6], "texture": "#2"},
				"west": {"uv": [1.5, 5.5, 3.5, 6.5], "texture": "#2"},
				"up": {"uv": [6, 2, 4, 0], "texture": "#2"},
				"down": {"uv": [6, 2, 4, 4], "texture": "#2"}
			}
		},
		{
			"from": [7.5, -14, 7],
			"to": [8.5, -5, 9],
			"faces": {
				"north": {"uv": [0.5, 4.5, 1, 9], "texture": "#2"},
				"east": {"uv": [2, 0, 3, 4.5], "texture": "#2"},
				"south": {"uv": [1, 4.5, 1.5, 9], "texture": "#2"},
				"west": {"uv": [3, 0, 4, 4.5], "texture": "#2"},
				"up": {"uv": [4, 5.5, 3.5, 4.5], "texture": "#2"},
				"down": {"uv": [4, 5.5, 3.5, 6.5], "texture": "#2"}
			}
		},
		{
			"from": [-1.25, -3.99, 7.5],
			"to": [17.25, 9, 8.75],
			"faces": {
				"north": {"uv": [0, 0, 4.75, 3.25], "texture": "#3"},
				"east": {"uv": [2.25, 6.5, 2.5, 9.75], "texture": "#3"},
				"south": {"uv": [0, 3.25, 4.75, 6.5], "texture": "#3"},
				"west": {"uv": [2.5, 6.5, 2.75, 9.75], "texture": "#3"},
				"up": {"uv": [13.25, 2.75, 8.5, 2.5], "texture": "#3"},
				"down": {"uv": [13.25, 2.75, 8.5, 3], "texture": "#3"}
			}
		},
		{
			"from": [-0.25, 9.01, 7.7825],
			"to": [16.25, 14, 8.4825],
			"faces": {
				"north": {"uv": [8.5, 0, 12.75, 1.25], "texture": "#3"},
				"east": {"uv": [4.25, 6.5, 4.5, 7.75], "texture": "#3"},
				"south": {"uv": [8.5, 1.25, 12.75, 2.5], "texture": "#3"},
				"west": {"uv": [4.5, 6.5, 4.75, 7.75], "texture": "#3"},
				"up": {"uv": [12.75, 3.25, 8.5, 3], "texture": "#3"},
				"down": {"uv": [12.75, 3.25, 8.5, 3.5], "texture": "#3"}
			}
		},
		{
			"from": [0.75, 9.01, 7.75],
			"to": [15.25, 20, 8.5],
			"faces": {
				"north": {"uv": [4.75, 0, 8.5, 2.75], "texture": "#3"},
				"east": {"uv": [3.25, 6.5, 3.5, 9.25], "texture": "#3"},
				"south": {"uv": [4.75, 2.75, 8.5, 5.5], "texture": "#3"},
				"west": {"uv": [3.5, 6.5, 3.75, 9.25], "texture": "#3"},
				"up": {"uv": [12.25, 3.75, 8.5, 3.5], "texture": "#3"},
				"down": {"uv": [12.25, 3.75, 8.5, 4], "texture": "#3"}
			}
		},
		{
			"from": [2.75, 17.01, 8.025],
			"to": [13.25, 27, 8.225],
			"faces": {
				"north": {"uv": [7, 5.5, 9.75, 8], "texture": "#3"},
				"east": {"uv": [3.75, 6.5, 4, 9], "texture": "#3"},
				"south": {"uv": [7, 8, 9.75, 10.5], "texture": "#3"},
				"west": {"uv": [4, 6.5, 4.25, 9], "texture": "#3"},
				"up": {"uv": [11.25, 4.25, 8.5, 4], "texture": "#3"},
				"down": {"uv": [11.25, 4.25, 8.5, 4.5], "texture": "#3"}
			}
		},
		{
			"from": [3.75, 17.01, 8],
			"to": [12.25, 30, 8.25],
			"faces": {
				"north": {"uv": [4.75, 5.5, 7, 8.75], "texture": "#3"},
				"east": {"uv": [2.75, 6.5, 3, 9.75], "texture": "#3"},
				"south": {"uv": [0, 6.5, 2.25, 9.75], "texture": "#3"},
				"west": {"uv": [3, 6.5, 3.25, 9.75], "texture": "#3"},
				"up": {"uv": [6.5, 9, 4.25, 8.75], "texture": "#3"},
				"down": {"uv": [6, 9, 3.75, 9.25], "texture": "#3"}
			}
		},
		{
			"from": [5.75, 30.01, 8],
			"to": [10.25, 32, 8.25],
			"faces": {
				"north": {"uv": [8.5, 4.5, 9.75, 5], "texture": "#3"},
				"east": {"uv": [4.25, 7.75, 4.5, 8.25], "texture": "#3"},
				"south": {"uv": [8.5, 5, 9.75, 5.5], "texture": "#3"},
				"west": {"uv": [4.5, 7.75, 4.75, 8.25], "texture": "#3"},
				"up": {"uv": [4.5, 9.5, 3.25, 9.25], "texture": "#3"},
				"down": {"uv": [5.75, 9.25, 4.5, 9.5], "texture": "#3"}
			}
		}
	],
	"display": {
		"thirdperson_righthand": {
			"rotation": [0, 93, 0],
			"translation": [0.5, 29.75, 1.75],
			"scale": [1.5, 1.5, 1.5]
		},
		"firstperson_righthand": {
			"rotation": [0, 78, 0],
			"translation": [4.25, 4.25, 0],
			"scale": [0.5, 0.5, 0.5]
		},
		"firstperson_lefthand": {
			"rotation": [0, 78, 0],
			"translation": [4.25, 4.25, 0],
			"scale": [0.5, 0.5, 0.5]
		},
		"ground": {
			"translation": [0, 43, 0],
			"scale": [2, 2, 2]
		},
		"gui": {
			"rotation": [-10, -25, 0],
			"scale": [0.4, 0.4, 0.4]
		},
		"fixed": {
			"translation": [0, 2.75, -1.75]
		}
	},
	"groups": [
		{
			"name": "guard",
			"origin": [8, 8, 8],
			"color": 0,
			"children": [
				0,
				1,
				2,
				3,
				4,
				5,
				6,
				{
					"name": "wing",
					"origin": [8, 8, 8],
					"color": 0,
					"children": [7]
				},
				{
					"name": "wing",
					"origin": [8, 8, 8],
					"color": 0,
					"children": [8]
				}
			]
		},
		{
			"name": "handle",
			"origin": [8, 8, 8],
			"color": 0,
			"children": [9, 10, 11]
		},
		{
			"name": "blade",
			"origin": [8, 8, 8],
			"color": 0,
			"children": [12, 13, 14, 15, 16, 17]
		}
	]
}