{
	"credit": "Made with Blockbench",
	"parent": "item",
	"texture_size": [32, 32],
	"textures": {
		"0": "item/emerald_blade_texture",
		"1": "item/emerald_gold_handle_texture",
		"particle": "item/emerald_blade_texture"
	},
	"elements": [
		{
			"name": "GUARD",
			"from": [4, -16, 5],
			"to": [10.25, -14.5, 10.75],
			"rotation": {"angle": 0, "axis": "y", "origin": [0, -16, 0]},
			"faces": {
				"north": {"uv": [11, 4, 14.25, 4.75], "texture": "#1"},
				"east": {"uv": [7.5, 11.5, 10.5, 12.25], "texture": "#1"},
				"south": {"uv": [11, 5, 14.25, 5.75], "texture": "#1"},
				"west": {"uv": [10.5, 11.5, 13.5, 12.25], "texture": "#1"},
				"up": {"uv": [3.25, 3, 0, 0], "texture": "#1"},
				"down": {"uv": [3.25, 3, 0, 6], "texture": "#1"}
			}
		},
		{
			"from": [8.25, -14.5, 3.25],
			"to": [11.25, -2, 6.25],
			"rotation": {"angle": -22.5, "axis": "y", "origin": [0, -16, 0]},
			"faces": {
				"north": {"uv": [3.5, 0, 5, 6.25], "texture": "#1"},
				"east": {"uv": [5, 0, 6.5, 6.25], "texture": "#1"},
				"south": {"uv": [0, 6, 1.5, 12.25], "texture": "#1"},
				"west": {"uv": [1.5, 6, 3, 12.25], "texture": "#1"},
				"up": {"uv": [1.5, 14, 0, 12.5], "texture": "#1"},
				"down": {"uv": [3, 12.5, 1.5, 14], "texture": "#1"}
			}
		},
		{
			"from": [5.75, -14.5, 6.5],
			"to": [8.75, -2, 9.5],
			"rotation": {"angle": 0, "axis": "y", "origin": [0, -16, 0]},
			"faces": {
				"north": {"uv": [6.5, 0, 8, 6.25], "texture": "#1"},
				"east": {"uv": [3, 6.5, 4.5, 12.75], "texture": "#1"},
				"south": {"uv": [4.5, 6.5, 6, 12.75], "texture": "#1"},
				"west": {"uv": [6, 6.5, 7.5, 12.75], "texture": "#1"},
				"up": {"uv": [9, 14, 7.5, 12.5], "texture": "#1"},
				"down": {"uv": [10.5, 12.5, 9, 14], "texture": "#1"}
			}
		},
		{
			"from": [-4, 0, 7],
			"to": [2, 2, 9],
			"rotation": {"angle": 0, "axis": "y", "origin": [0, -16, 0]},
			"faces": {
				"north": {"uv": [8, 2, 11, 3], "texture": "#1"},
				"east": {"uv": [6, 13, 7, 14], "texture": "#1"},
				"south": {"uv": [8, 3, 11, 4], "texture": "#1"},
				"west": {"uv": [10.5, 13, 11.5, 14], "texture": "#1"},
				"up": {"uv": [11, 5, 8, 4], "texture": "#1"},
				"down": {"uv": [11, 5, 8, 6], "texture": "#1"}
			}
		},
		{
			"from": [-7.25, 2, 7],
			"to": [-1.25, 3, 9],
			"rotation": {"angle": 0, "axis": "y", "origin": [0, -16, 0]},
			"faces": {
				"north": {"uv": [8, 6, 11, 6.5], "texture": "#1"},
				"east": {"uv": [5, 13.5, 6, 14], "texture": "#1"},
				"south": {"uv": [11, 6, 14, 6.5], "texture": "#1"},
				"west": {"uv": [13.5, 8.5, 14.5, 9], "texture": "#1"},
				"up": {"uv": [10.5, 9.5, 7.5, 8.5], "texture": "#1"},
				"down": {"uv": [10.5, 9.5, 7.5, 10.5], "texture": "#1"}
			}
		},
		{
			"from": [15.25, 2, 7],
			"to": [21.25, 3, 9],
			"rotation": {"angle": 0, "axis": "y", "origin": [0, -16, 0]},
			"faces": {
				"north": {"uv": [10.5, 12.5, 13.5, 13], "texture": "#1"},
				"east": {"uv": [13.5, 9, 14.5, 9.5], "texture": "#1"},
				"south": {"uv": [3, 13, 6, 13.5], "texture": "#1"},
				"west": {"uv": [13.5, 9.5, 14.5, 10], "texture": "#1"},
				"up": {"uv": [10.5, 11.5, 7.5, 10.5], "texture": "#1"},
				"down": {"uv": [13.5, 8.5, 10.5, 9.5], "texture": "#1"}
			}
		},
		{
			"from": [12.25, 0, 7],
			"to": [18.25, 2, 9],
			"rotation": {"angle": 0, "axis": "y", "origin": [0, -16, 0]},
			"faces": {
				"north": {"uv": [10.5, 9.5, 13.5, 10.5], "texture": "#1"},
				"east": {"uv": [11.5, 13, 12.5, 14], "texture": "#1"},
				"south": {"uv": [10.5, 10.5, 13.5, 11.5], "texture": "#1"},
				"west": {"uv": [12.5, 13, 13.5, 14], "texture": "#1"},
				"up": {"uv": [14, 3, 11, 2], "texture": "#1"},
				"down": {"uv": [14, 3, 11, 4], "texture": "#1"}
			}
		},
		{
			"from": [0.75, -2, 7],
			"to": [13.5, 0, 9],
			"rotation": {"angle": 0, "axis": "y", "origin": [0, -16, 0]},
			"faces": {
				"north": {"uv": [7.5, 6.5, 14, 7.5], "texture": "#1"},
				"east": {"uv": [3, 13.5, 4, 14.5], "texture": "#1"},
				"south": {"uv": [7.5, 7.5, 14, 8.5], "texture": "#1"},
				"west": {"uv": [4, 13.5, 5, 14.5], "texture": "#1"},
				"up": {"uv": [14.5, 1, 8, 0], "texture": "#1"},
				"down": {"uv": [14.5, 1, 8, 2], "texture": "#1"}
			}
		},
		{
			"from": [2, 0, 7],
			"to": [12.25, 4.25, 9],
			"rotation": {"angle": 0, "axis": "y", "origin": [0, -16, 0]},
			"faces": {
				"north": {"uv": [0, 7, 5, 9], "texture": "#0"},
				"east": {"uv": [10, 3, 11, 5], "texture": "#0"},
				"south": {"uv": [7, 0, 12, 2], "texture": "#0"},
				"west": {"uv": [10, 9.5, 11, 11.5], "texture": "#0"},
				"up": {"uv": [12, 6.5, 7, 5.5], "texture": "#0"},
				"down": {"uv": [12, 6.5, 7, 7.5], "texture": "#0"}
			}
		},
		{
			"from": [3, 4.25, 7],
			"to": [11.25, 11, 8.5],
			"rotation": {"angle": 0, "axis": "y", "origin": [0, -16, 0]},
			"faces": {
				"north": {"uv": [0, 0, 4, 3.5], "texture": "#0"},
				"east": {"uv": [0, 9, 1, 12.5], "texture": "#0"},
				"south": {"uv": [0, 3.5, 4, 7], "texture": "#0"},
				"west": {"uv": [1, 9, 2, 12.5], "texture": "#0"},
				"up": {"uv": [11, 8.5, 7, 7.5], "texture": "#0"},
				"down": {"uv": [11, 8.5, 7, 9.5], "texture": "#0"}
			}
		},
		{
			"from": [4.25, 10.5, 7],
			"to": [10.25, 17.25, 8.5],
			"rotation": {"angle": 0, "axis": "y", "origin": [0, -16, 0]},
			"faces": {
				"north": {"uv": [4, 0, 7, 3.5], "texture": "#0"},
				"east": {"uv": [2, 9, 3, 12.5], "texture": "#0"},
				"south": {"uv": [4, 3.5, 7, 7], "texture": "#0"},
				"west": {"uv": [9, 2, 10, 5.5], "texture": "#0"},
				"up": {"uv": [10, 10.5, 7, 9.5], "texture": "#0"},
				"down": {"uv": [13, 2, 10, 3], "texture": "#0"}
			}
		},
		{
			"from": [5.5, 16.5, 7],
			"to": [9.25, 23.25, 8.5],
			"rotation": {"angle": 0, "axis": "y", "origin": [0, -16, 0]},
			"faces": {
				"north": {"uv": [7, 2, 9, 5.5], "texture": "#0"},
				"east": {"uv": [3, 9, 4, 12.5], "texture": "#0"},
				"south": {"uv": [5, 7, 7, 10.5], "texture": "#0"},
				"west": {"uv": [4, 9, 5, 12.5], "texture": "#0"},
				"up": {"uv": [7, 11.5, 5, 10.5], "texture": "#0"},
				"down": {"uv": [9, 10.5, 7, 11.5], "texture": "#0"}
			}
		}
	],
	"display": {
		"thirdperson_righthand": {
			"rotation": [-2, 98, 0],
			"translation": [0, 9.75, 0],
			"scale": [0.6, 0.6, 0.6]
		},
		"thirdperson_lefthand": {
			"rotation": [63.3, -67.4, 85.4],
			"translation": [-3.5, 7.75, -3.75],
			"scale": [0.6, 0.6, 0.6]
		},
		"firstperson_righthand": {
			"rotation": [0, 98, 0],
			"translation": [-3, 6, 0],
			"scale": [0.4, 0.4, 0.4]
		},
		"firstperson_lefthand": {
			"rotation": [0, 73, 0],
			"translation": [0, 10.5, 2],
			"scale": [0.39, 0.39, 0.39]
		},
		"ground": {
			"translation": [0, 19.75, 0]
		},
		"gui": {
			"translation": [0, 2.25, 0],
			"scale": [0.3, 0.3, 0.3]
		},
		"fixed": {
			"rotation": [-30, 0, 0],
			"translation": [0, 23, -9.75]
		}
	},
	"groups": [
		{
			"name": "handle",
			"origin": [0, 0, 0],
			"color": 0,
			"children": [0, 1, 2, 3, 4, 5, 6, 7]
		},
		{
			"name": "blade",
			"origin": [0, -16, 0],
			"color": 0,
			"children": [8, 9, 10, 11]
		}
	]
}