{
	"credit": "Made with Blockbench",
	"texture_size": [128, 128],
	"textures": {
		"0": "item/guard_of_eternal",
		"1": "item/handle_for_eternal",
		"2": "item/blade_for_eternal",
		"particle": "item/guard_of_eternal"
	},
	"elements": [
		{
			"from": [5, -16, 5],
			"to": [11, -14, 11],
			"rotation": {"angle": 0, "axis": "y", "origin": [0, -4, 0]},
			"faces": {
				"north": {"uv": [11, 3, 14, 4], "texture": "#0"},
				"east": {"uv": [11, 4, 14, 5], "texture": "#0"},
				"south": {"uv": [11, 5, 14, 6], "texture": "#0"},
				"west": {"uv": [6, 11, 9, 12], "texture": "#0"},
				"up": {"uv": [7, 3, 4, 0], "texture": "#0"},
				"down": {"uv": [7, 3, 4, 6], "texture": "#0"}
			}
		},
		{
			"from": [6.5, -14, 7.5],
			"to": [9.5, -1, 8.5],
			"rotation": {"angle": 0, "axis": "y", "origin": [0, -4, 0]},
			"faces": {
				"north": {"uv": [3, 0, 4.5, 6.5], "texture": "#1"},
				"east": {"uv": [6.5, 0, 7, 6.5], "texture": "#1"},
				"south": {"uv": [4.5, 0, 6, 6.5], "texture": "#1"},
				"west": {"uv": [0.5, 6.5, 1, 13], "texture": "#1"},
				"up": {"uv": [3.5, 7, 2, 6.5], "texture": "#1"},
				"down": {"uv": [5, 6.5, 3.5, 7], "texture": "#1"}
			}
		},
		{
			"from": [7.5, -14, 6.5],
			"to": [8.5, -1, 9.5],
			"rotation": {"angle": 0, "axis": "y", "origin": [0, -4, 0]},
			"faces": {
				"north": {"uv": [6, 0, 6.5, 6.5], "texture": "#1"},
				"east": {"uv": [0, 0, 1.5, 6.5], "texture": "#1"},
				"south": {"uv": [0, 6.5, 0.5, 13], "texture": "#1"},
				"west": {"uv": [1.5, 0, 3, 6.5], "texture": "#1"},
				"up": {"uv": [1.5, 8, 1, 6.5], "texture": "#1"},
				"down": {"uv": [2, 6.5, 1.5, 8], "texture": "#1"}
			}
		},
		{
			"from": [4, -1.995, 5],
			"to": [12, -0.005, 11],
			"rotation": {"angle": 0, "axis": "y", "origin": [0, -4, 0]},
			"faces": {
				"north": {"uv": [7, 2, 11, 3], "texture": "#0"},
				"east": {"uv": [2, 10, 5, 11], "texture": "#0"},
				"south": {"uv": [7, 3, 11, 4], "texture": "#0"},
				"west": {"uv": [5, 10, 8, 11], "texture": "#0"},
				"up": {"uv": [4, 3, 0, 0], "texture": "#0"},
				"down": {"uv": [4, 3, 0, 6], "texture": "#0"}
			}
		},
		{
			"from": [1, -2, 7],
			"to": [15, 0, 9],
			"rotation": {"angle": 0, "axis": "y", "origin": [0, -4, 0]},
			"faces": {
				"north": {"uv": [0, 6, 7, 7], "texture": "#0"},
				"east": {"uv": [11, 8, 12, 9], "texture": "#0"},
				"south": {"uv": [0, 7, 7, 8], "texture": "#0"},
				"west": {"uv": [9, 11, 10, 12], "texture": "#0"},
				"up": {"uv": [14, 1, 7, 0], "texture": "#0"},
				"down": {"uv": [14, 1, 7, 2], "texture": "#0"}
			}
		},
		{
			"from": [-3, -2.75, 7],
			"to": [2.75, -0.75, 9],
			"rotation": {"angle": 22.5, "axis": "z", "origin": [0, -4, 0]},
			"faces": {
				"north": {"uv": [8, 7, 11, 8], "texture": "#0"},
				"east": {"uv": [11, 6, 12, 7], "texture": "#0"},
				"south": {"uv": [8, 8, 11, 9], "texture": "#0"},
				"west": {"uv": [11, 7, 12, 8], "texture": "#0"},
				"up": {"uv": [5, 10, 2, 9], "texture": "#0"},
				"down": {"uv": [11, 9, 8, 10], "texture": "#0"}
			}
		},
		{
			"from": [-6, -2.25, 7],
			"to": [-0.25, -0.25, 9],
			"rotation": {"angle": 45, "axis": "z", "origin": [0, -4, 0]},
			"faces": {
				"north": {"uv": [2, 8, 5, 9], "texture": "#0"},
				"east": {"uv": [5, 9, 6, 10], "texture": "#0"},
				"south": {"uv": [8, 4, 11, 5], "texture": "#0"},
				"west": {"uv": [6, 9, 7, 10], "texture": "#0"},
				"up": {"uv": [11, 6, 8, 5], "texture": "#0"},
				"down": {"uv": [11, 6, 8, 7], "texture": "#0"}
			}
		},
		{
			"from": [-6.75, -11.5, 7],
			"to": [-4.75, -5.75, 9],
			"rotation": {"angle": 0, "axis": "z", "origin": [0, -4, 0]},
			"faces": {
				"north": {"uv": [7, 4, 8, 7], "texture": "#0"},
				"east": {"uv": [7, 7, 8, 10], "texture": "#0"},
				"south": {"uv": [0, 8, 1, 11], "texture": "#0"},
				"west": {"uv": [1, 8, 2, 11], "texture": "#0"},
				"up": {"uv": [6, 9, 5, 8], "texture": "#0"},
				"down": {"uv": [7, 8, 6, 9], "texture": "#0"}
			}
		},
		{
			"from": [14, -5.5, 7],
			"to": [19.75, -3.5, 9],
			"rotation": {"angle": -22.5, "axis": "z", "origin": [23, -4, 0]},
			"faces": {
				"north": {"uv": [8, 10, 11, 11], "texture": "#0"},
				"east": {"uv": [11, 9, 12, 10], "texture": "#0"},
				"south": {"uv": [0, 11, 3, 12], "texture": "#0"},
				"west": {"uv": [10, 11, 11, 12], "texture": "#0"},
				"up": {"uv": [14, 3, 11, 2], "texture": "#0"},
				"down": {"uv": [6, 11, 3, 12], "texture": "#0"}
			}
		},
		{
			"from": [3, -1, 8],
			"to": [13, 31.75, 8.25],
			"rotation": {"angle": 0, "axis": "y", "origin": [0, -4, 0]},
			"faces": {
				"north": {"uv": [0, 0, 1.25, 4.125], "texture": "#2"},
				"east": {"uv": [0.75, 4.125, 0.875, 8.25], "texture": "#2"},
				"south": {"uv": [1.25, 0, 2.5, 4.125], "texture": "#2"},
				"west": {"uv": [0.875, 4.125, 1, 8.25], "texture": "#2"},
				"up": {"uv": [5.75, 0.125, 4.5, 0], "texture": "#2"},
				"down": {"uv": [5.75, 0.125, 4.5, 0.25], "texture": "#2"}
			}
		},
		{
			"from": [4, -1, 7.25],
			"to": [12, 30.75, 8.75],
			"rotation": {"angle": 0, "axis": "y", "origin": [0, -4, 0]},
			"faces": {
				"north": {"uv": [2.5, 0, 3.5, 4], "texture": "#2"},
				"east": {"uv": [4, 4, 4.25, 8], "texture": "#2"},
				"south": {"uv": [3.5, 0, 4.5, 4], "texture": "#2"},
				"west": {"uv": [0, 4.125, 0.25, 8.125], "texture": "#2"},
				"up": {"uv": [2, 4.375, 1, 4.125], "texture": "#2"},
				"down": {"uv": [5.25, 4, 4.25, 4.25], "texture": "#2"}
			}
		},
		{
			"from": [5, -1, 7],
			"to": [11, 30, 9],
			"rotation": {"angle": 0, "axis": "y", "origin": [0, -4, 0]},
			"faces": {
				"north": {"uv": [2.5, 4, 3.25, 7.875], "texture": "#2"},
				"east": {"uv": [0.25, 4.125, 0.5, 8], "texture": "#2"},
				"south": {"uv": [3.25, 4, 4, 7.875], "texture": "#2"},
				"west": {"uv": [0.5, 4.125, 0.75, 8], "texture": "#2"},
				"up": {"uv": [5, 4.5, 4.25, 4.25], "texture": "#2"},
				"down": {"uv": [1.75, 4.375, 1, 4.625], "texture": "#2"}
			}
		}
	],
	"display": {
		"thirdperson_righthand": {
			"rotation": [0, -90, 0],
			"translation": [-0.25, 35.5, 2.5],
			"scale": [2, 2, 2]
		},
		"firstperson_righthand": {
			"rotation": [0, -93, 0],
			"translation": [2.5, 5.5, 0],
			"scale": [0.4, 0.4, 0.4]
		},
		"firstperson_lefthand": {
			"rotation": [0, 88, 0],
			"translation": [2.5, 5.5, 0],
			"scale": [0.4, 0.4, 0.4]
		},
		"ground": {
			"translation": [0, 44.25, 0],
			"scale": [2, 2, 2]
		},
		"gui": {
			"rotation": [-8, 41, 0],
			"scale": [0.4, 0.4, 0.4]
		},
		"fixed": {
			"rotation": [-43, -86, 0],
			"translation": [0, 9, -12.75]
		}
	},
	"groups": [
		0,
		1,
		2,
		3,
		4,
		5,
		6,
		7,
		{
			"name": "group",
			"origin": [23, 0, 0],
			"color": 0,
			"children": [8]
		},
		{
			"name": "blade",
			"origin": [8, 8, 8],
			"color": 0,
			"children": [9, 10, 11]
		}
	]
}