{
	"credit": "Made with Blockbench",
	"textures": {
		"0": "item/frozen_dagger_fat_blade",
		"1": "item/frozen_dagger_normal_blade",
		"2": "item/frozen_dagger_blade_thin",
		"3": "item/dragon_blade_texture_handle",
		"particle": "item/frozen_dagger_fat_blade"
	},
	"elements": [
		{
			"from": [8, 11, 7],
			"to": [10, 18, 9],
			"faces": {
				"north": {"uv": [0, 0, 2, 7], "texture": "#0"},
				"east": {"uv": [2, 0, 4, 7], "texture": "#0"},
				"south": {"uv": [4, 0, 6, 7], "texture": "#0"},
				"west": {"uv": [6, 0, 8, 7], "texture": "#0"},
				"up": {"uv": [10, 2, 8, 0], "texture": "#0"},
				"down": {"uv": [10, 2, 8, 4], "texture": "#0"}
			}
		},
		{
			"from": [7, 0, 7],
			"to": [9, 2, 9],
			"faces": {
				"north": {"uv": [8, 4, 10, 6], "texture": "#0"},
				"east": {"uv": [8, 6, 10, 8], "texture": "#0"},
				"south": {"uv": [8, 8, 10, 10], "texture": "#0"},
				"west": {"uv": [10, 0, 12, 2], "texture": "#0"},
				"up": {"uv": [12, 4, 10, 2], "texture": "#0"},
				"down": {"uv": [12, 4, 10, 6], "texture": "#0"}
			}
		},
		{
			"from": [8, 2, 7],
			"to": [10, 4, 9],
			"faces": {
				"north": {"uv": [10, 6, 12, 8], "texture": "#0"},
				"east": {"uv": [8, 10, 10, 12], "texture": "#0"},
				"south": {"uv": [10, 8, 12, 10], "texture": "#0"},
				"west": {"uv": [10, 10, 12, 12], "texture": "#0"},
				"up": {"uv": [14, 2, 12, 0], "texture": "#0"},
				"down": {"uv": [14, 2, 12, 4], "texture": "#0"}
			}
		},
		{
			"from": [9, 4, 7],
			"to": [11, 11, 9],
			"faces": {
				"north": {"uv": [0, 7, 2, 14], "texture": "#0"},
				"east": {"uv": [2, 7, 4, 14], "texture": "#0"},
				"south": {"uv": [4, 7, 6, 14], "texture": "#0"},
				"west": {"uv": [6, 7, 8, 14], "texture": "#0"},
				"up": {"uv": [14, 6, 12, 4], "texture": "#0"},
				"down": {"uv": [14, 6, 12, 8], "texture": "#0"}
			}
		},
		{
			"from": [8, 0.25, 7.5],
			"to": [10, 2, 8.5],
			"faces": {
				"north": {"uv": [4, 7, 6, 9], "texture": "#1"},
				"east": {"uv": [8, 4, 9, 6], "texture": "#1"},
				"south": {"uv": [6, 7, 8, 9], "texture": "#1"},
				"west": {"uv": [8, 6, 9, 8], "texture": "#1"},
				"up": {"uv": [10, 9, 8, 8], "texture": "#1"},
				"down": {"uv": [6, 9, 4, 10], "texture": "#1"}
			}
		},
		{
			"from": [9, 2, 7.5],
			"to": [11, 4, 8.5],
			"faces": {
				"north": {"uv": [8, 0, 10, 2], "texture": "#1"},
				"east": {"uv": [9, 4, 10, 6], "texture": "#1"},
				"south": {"uv": [8, 2, 10, 4], "texture": "#1"},
				"west": {"uv": [6, 9, 7, 11], "texture": "#1"},
				"up": {"uv": [11, 7, 9, 6], "texture": "#1"},
				"down": {"uv": [9, 9, 7, 10], "texture": "#1"}
			}
		},
		{
			"from": [10, 4, 7.5],
			"to": [12, 11, 8.5],
			"faces": {
				"north": {"uv": [0, 0, 2, 7], "texture": "#1"},
				"east": {"uv": [0, 7, 1, 14], "texture": "#1"},
				"south": {"uv": [2, 0, 4, 7], "texture": "#1"},
				"west": {"uv": [1, 7, 2, 14], "texture": "#1"},
				"up": {"uv": [11, 8, 9, 7], "texture": "#1"},
				"down": {"uv": [11, 9, 9, 10], "texture": "#1"}
			}
		},
		{
			"from": [9, 11, 7.5],
			"to": [11, 17.75, 8.5],
			"faces": {
				"north": {"uv": [4, 0, 6, 7], "texture": "#1"},
				"east": {"uv": [2, 7, 3, 14], "texture": "#1"},
				"south": {"uv": [6, 0, 8, 7], "texture": "#1"},
				"west": {"uv": [3, 7, 4, 14], "texture": "#1"},
				"up": {"uv": [12, 1, 10, 0], "texture": "#1"},
				"down": {"uv": [12, 1, 10, 2], "texture": "#1"}
			}
		},
		{
			"from": [9, 0.5, 7.75],
			"to": [11, 2, 8.25],
			"faces": {
				"north": {"uv": [4, 7, 6, 9], "texture": "#2"},
				"east": {"uv": [8, 4, 9, 6], "texture": "#2"},
				"south": {"uv": [6, 7, 8, 9], "texture": "#2"},
				"west": {"uv": [8, 6, 9, 8], "texture": "#2"},
				"up": {"uv": [10, 9, 8, 8], "texture": "#2"},
				"down": {"uv": [6, 9, 4, 10], "texture": "#2"}
			}
		},
		{
			"from": [10, 2, 7.75],
			"to": [12, 4, 8.25],
			"faces": {
				"north": {"uv": [8, 0, 10, 2], "texture": "#2"},
				"east": {"uv": [9, 4, 10, 6], "texture": "#2"},
				"south": {"uv": [8, 2, 10, 4], "texture": "#2"},
				"west": {"uv": [6, 9, 7, 11], "texture": "#2"},
				"up": {"uv": [11, 7, 9, 6], "texture": "#2"},
				"down": {"uv": [9, 9, 7, 10], "texture": "#2"}
			}
		},
		{
			"from": [11, 4, 7.75],
			"to": [13, 11, 8.25],
			"faces": {
				"north": {"uv": [0, 0, 2, 7], "texture": "#2"},
				"east": {"uv": [0, 7, 1, 14], "texture": "#2"},
				"south": {"uv": [2, 0, 4, 7], "texture": "#2"},
				"west": {"uv": [1, 7, 2, 14], "texture": "#2"},
				"up": {"uv": [11, 8, 9, 7], "texture": "#2"},
				"down": {"uv": [11, 9, 9, 10], "texture": "#2"}
			}
		},
		{
			"from": [10, 11, 7.75],
			"to": [12, 17.5, 8.25],
			"faces": {
				"north": {"uv": [4, 0, 6, 7], "texture": "#2"},
				"east": {"uv": [2, 7, 3, 14], "texture": "#2"},
				"south": {"uv": [6, 0, 8, 7], "texture": "#2"},
				"west": {"uv": [3, 7, 4, 14], "texture": "#2"},
				"up": {"uv": [12, 1, 10, 0], "texture": "#2"},
				"down": {"uv": [12, 1, 10, 2], "texture": "#2"}
			}
		},
		{
			"from": [2.25, 9, 7.25],
			"to": [3, 15, 8.75],
			"rotation": {"angle": -22.5, "axis": "z", "origin": [0, 0, 0]},
			"faces": {
				"north": {"uv": [0, 0, 0.75, 6], "texture": "#3"},
				"east": {"uv": [0, 0, 1.5, 6], "texture": "#3"},
				"south": {"uv": [0, 0, 0.75, 6], "texture": "#3"},
				"west": {"uv": [0, 0, 1.5, 6], "texture": "#3"},
				"up": {"uv": [0, 0, 0.75, 1.5], "texture": "#3"},
				"down": {"uv": [0, 0, 0.75, 1.5], "texture": "#3"}
			}
		},
		{
			"from": [8.25, -1, 7.25],
			"to": [9, 5, 8.75],
			"rotation": {"angle": 22.5, "axis": "z", "origin": [0, 0, 0]},
			"faces": {
				"north": {"uv": [0, 0, 0.75, 6], "texture": "#3"},
				"east": {"uv": [0, 0, 1.5, 6], "texture": "#3"},
				"south": {"uv": [0, 0, 0.75, 6], "texture": "#3"},
				"west": {"uv": [0, 0, 1.5, 6], "texture": "#3"},
				"up": {"uv": [0, 0, 0.75, 1.5], "texture": "#3"},
				"down": {"uv": [0, 0, 0.75, 1.5], "texture": "#3"}
			}
		}
	],
	"display": {
		"thirdperson_righthand": {
			"rotation": [14.5, 90, 0]
		},
		"firstperson_righthand": {
			"rotation": [-180, 84.75, 180]
		}
	},
	"groups": [
		{
			"name": "fat",
			"origin": [0, 0, 0],
			"color": 0,
			"children": [0, 1, 2, 3]
		},
		{
			"name": "normal",
			"origin": [0, 0, 0],
			"color": 0,
			"children": [4, 5, 6, 7]
		},
		{
			"name": "thin",
			"origin": [0, 0, 0],
			"color": 0,
			"children": [8, 9, 10, 11]
		},
		12,
		13
	]
}