{
	"credit": "Made with Blockbench",
	"texture_size": [32, 32],
	"textures": {
		"0": "item/giga_sword",
		"particle": "item/giga_sword"
	},
	"elements": [
		{
			"from": [7.5, 0, 7.25],
			"to": [8.5, 8.25, 8.75],
			"faces": {
				"north": {"uv": [6.5, 3, 7, 7], "texture": "#0"},
				"east": {"uv": [2, 0, 3, 4], "texture": "#0"},
				"south": {"uv": [3.5, 6.5, 4, 10.5], "texture": "#0"},
				"west": {"uv": [3, 0, 4, 4], "texture": "#0"},
				"up": {"uv": [5.5, 4, 5, 3], "texture": "#0"},
				"down": {"uv": [6, 3, 5.5, 4], "texture": "#0"}
			}
		},
		{
			"from": [7.5, 10.75, 5.5],
			"to": [8.5, 19, 7.75],
			"faces": {
				"north": {"uv": [4, 6.5, 4.5, 10.5], "texture": "#0"},
				"east": {"uv": [4, 0, 5, 4], "texture": "#0"},
				"south": {"uv": [4.5, 6.5, 5, 10.5], "texture": "#0"},
				"west": {"uv": [2, 4, 3, 8], "texture": "#0"},
				"up": {"uv": [8.5, 9, 8, 8], "texture": "#0"},
				"down": {"uv": [1, 8.5, 0.5, 9.5], "texture": "#0"}
			}
		},
		{
			"from": [7.75, 9.75, 4.5],
			"to": [8, 19.75, 6.75],
			"faces": {
				"north": {"uv": [6, 3, 6.5, 8], "texture": "#0"},
				"east": {"uv": [0, 0, 1, 5], "texture": "#0"},
				"south": {"uv": [3, 6.5, 3.5, 11.5], "texture": "#0"},
				"west": {"uv": [1, 0, 2, 5], "texture": "#0"},
				"up": {"uv": [9, 1.5, 8.5, 0.5], "texture": "#0"},
				"down": {"uv": [1.5, 8.5, 1, 9.5], "texture": "#0"}
			}
		},
		{
			"from": [7.75, 19.75, -3.325],
			"to": [8, 26, -1.075],
			"rotation": {"angle": 22.5, "axis": "x", "origin": [0, 0, 0]},
			"faces": {
				"north": {"uv": [5, 6.5, 5.5, 9.5], "texture": "#0"},
				"east": {"uv": [0, 5, 1, 8], "texture": "#0"},
				"south": {"uv": [5.5, 6.5, 6, 9.5], "texture": "#0"},
				"west": {"uv": [5, 0, 6, 3], "texture": "#0"},
				"up": {"uv": [2, 9.5, 1.5, 8.5], "texture": "#0"},
				"down": {"uv": [2.5, 8.5, 2, 9.5], "texture": "#0"}
			}
		},
		{
			"from": [7.5, 8.75, 6.5],
			"to": [8.5, 12, 8.75],
			"faces": {
				"north": {"uv": [8, 0.5, 8.5, 2], "texture": "#0"},
				"east": {"uv": [7, 0, 8, 1.5], "texture": "#0"},
				"south": {"uv": [8, 5, 8.5, 6.5], "texture": "#0"},
				"west": {"uv": [7, 1.5, 8, 3], "texture": "#0"},
				"up": {"uv": [3, 9.5, 2.5, 8.5], "texture": "#0"},
				"down": {"uv": [9, 5, 8.5, 6], "texture": "#0"}
			}
		},
		{
			"from": [7.5, 18.25, -1.5],
			"to": [8.5, 24.5, 0.75],
			"rotation": {"angle": 22.5, "axis": "x", "origin": [0, 0, 0]},
			"faces": {
				"north": {"uv": [7, 3, 7.5, 6], "texture": "#0"},
				"east": {"uv": [1, 5, 2, 8], "texture": "#0"},
				"south": {"uv": [7, 6, 7.5, 9], "texture": "#0"},
				"west": {"uv": [6, 0, 7, 3], "texture": "#0"},
				"up": {"uv": [9, 7, 8.5, 6], "texture": "#0"},
				"down": {"uv": [9, 7, 8.5, 8], "texture": "#0"}
			}
		},
		{
			"from": [7.75, 19.25, -0.5],
			"to": [8.25, 20, 1.75],
			"rotation": {"angle": 22.5, "axis": "x", "origin": [0, 0, 0]},
			"faces": {
				"north": {"uv": [5.5, 9.5, 6, 10], "texture": "#0"},
				"east": {"uv": [8.5, 1.5, 9.5, 2], "texture": "#0"},
				"south": {"uv": [6, 9.5, 6.5, 10], "texture": "#0"},
				"west": {"uv": [9, 3, 10, 3.5], "texture": "#0"},
				"up": {"uv": [9.5, 4.5, 9, 3.5], "texture": "#0"},
				"down": {"uv": [9.5, 4.5, 9, 5.5], "texture": "#0"}
			}
		},
		{
			"from": [7.75, 20.25, -0.5],
			"to": [8.25, 21, 1.75],
			"rotation": {"angle": 22.5, "axis": "x", "origin": [0, 0, 0]},
			"faces": {
				"north": {"uv": [6.5, 9.5, 7, 10], "texture": "#0"},
				"east": {"uv": [9, 5.5, 10, 6], "texture": "#0"},
				"south": {"uv": [9.5, 6.5, 10, 7], "texture": "#0"},
				"west": {"uv": [9, 6, 10, 6.5], "texture": "#0"},
				"up": {"uv": [9.5, 7.5, 9, 6.5], "texture": "#0"},
				"down": {"uv": [7.5, 9, 7, 10], "texture": "#0"}
			}
		},
		{
			"from": [7.75, 21.25, -0.5],
			"to": [8.25, 22, 1.75],
			"rotation": {"angle": 22.5, "axis": "x", "origin": [0, 0, 0]},
			"faces": {
				"north": {"uv": [9.5, 7, 10, 7.5], "texture": "#0"},
				"east": {"uv": [9, 7.5, 10, 8], "texture": "#0"},
				"south": {"uv": [8, 9.5, 8.5, 10], "texture": "#0"},
				"west": {"uv": [8, 9, 9, 9.5], "texture": "#0"},
				"up": {"uv": [9.5, 9, 9, 8], "texture": "#0"},
				"down": {"uv": [9.5, 9, 9, 10], "texture": "#0"}
			}
		},
		{
			"from": [7.75, 22.25, -0.5],
			"to": [8.25, 23, 1.75],
			"rotation": {"angle": 22.5, "axis": "x", "origin": [0, 0, 0]},
			"faces": {
				"north": {"uv": [9.5, 8, 10, 8.5], "texture": "#0"},
				"east": {"uv": [0.5, 9.5, 1.5, 10], "texture": "#0"},
				"south": {"uv": [8.5, 9.5, 9, 10], "texture": "#0"},
				"west": {"uv": [9.5, 0.5, 10.5, 1], "texture": "#0"},
				"up": {"uv": [10, 2, 9.5, 1], "texture": "#0"},
				"down": {"uv": [2, 9.5, 1.5, 10.5], "texture": "#0"}
			}
		},
		{
			"from": [7.75, 23.25, -0.5],
			"to": [8.25, 24, 1.75],
			"rotation": {"angle": 22.5, "axis": "x", "origin": [0, 0, 0]},
			"faces": {
				"north": {"uv": [9.5, 8.5, 10, 9], "texture": "#0"},
				"east": {"uv": [2, 9.5, 3, 10], "texture": "#0"},
				"south": {"uv": [9.5, 9, 10, 9.5], "texture": "#0"},
				"west": {"uv": [9.5, 2, 10.5, 2.5], "texture": "#0"},
				"up": {"uv": [10, 4.5, 9.5, 3.5], "texture": "#0"},
				"down": {"uv": [10, 4.5, 9.5, 5.5], "texture": "#0"}
			}
		},
		{
			"from": [7.5, 2.25, 4.5],
			"to": [8.5, 7.25, 5.75],
			"faces": {
				"north": {"uv": [6.5, 7, 7, 9.5], "texture": "#0"},
				"east": {"uv": [7.5, 5, 8, 7.5], "texture": "#0"},
				"south": {"uv": [7.5, 7.5, 8, 10], "texture": "#0"},
				"west": {"uv": [0, 8, 0.5, 10.5], "texture": "#0"},
				"up": {"uv": [10, 3, 9.5, 2.5], "texture": "#0"},
				"down": {"uv": [5.5, 9.5, 5, 10], "texture": "#0"}
			}
		},
		{
			"from": [7.495, 3.5, 7],
			"to": [8.505, 5, 10.25],
			"rotation": {"angle": -22.5, "axis": "x", "origin": [0, 0, 0]},
			"faces": {
				"north": {"uv": [8.5, 8, 9, 9], "texture": "#0"},
				"east": {"uv": [7.5, 3, 9, 4], "texture": "#0"},
				"south": {"uv": [9, 0.5, 9.5, 1.5], "texture": "#0"},
				"west": {"uv": [7.5, 4, 9, 5], "texture": "#0"},
				"up": {"uv": [6.5, 9.5, 6, 8], "texture": "#0"},
				"down": {"uv": [8.5, 6.5, 8, 8], "texture": "#0"}
			}
		},
		{
			"from": [6.75, 8.25, 5],
			"to": [9.25, 8.75, 10.25],
			"faces": {
				"north": {"uv": [8, 2, 9.5, 2.5], "texture": "#0"},
				"east": {"uv": [8, 0, 10.5, 0.5], "texture": "#0"},
				"south": {"uv": [8, 2.5, 9.5, 3], "texture": "#0"},
				"west": {"uv": [0.5, 8, 3, 8.5], "texture": "#0"},
				"up": {"uv": [4.5, 6.5, 3, 4], "texture": "#0"},
				"down": {"uv": [6, 4, 4.5, 6.5], "texture": "#0"}
			}
		},
		{
			"from": [7.85, 23.325, 1],
			"to": [8.15, 23.825, 3],
			"rotation": {"angle": 22.5, "axis": "x", "origin": [0, 0, 0]},
			"faces": {
				"north": {"uv": [14, 10.5, 14.5, 11], "texture": "#0"},
				"east": {"uv": [12.5, 10.5, 13, 11], "texture": "#0"},
				"south": {"uv": [13.5, 9.5, 14, 10], "texture": "#0"},
				"west": {"uv": [12, 9, 12.5, 9.5], "texture": "#0"},
				"up": {"uv": [12, 7.5, 12.5, 8], "texture": "#0"},
				"down": {"uv": [13, 8, 13.5, 8.5], "texture": "#0"}
			}
		},
		{
			"from": [7.85, 22.325, 1],
			"to": [8.15, 22.825, 3],
			"rotation": {"angle": 22.5, "axis": "x", "origin": [0, 0, 0]},
			"faces": {
				"north": {"uv": [14, 10.5, 14.5, 11], "texture": "#0"},
				"east": {"uv": [12.5, 10.5, 13, 11], "texture": "#0"},
				"south": {"uv": [13.5, 9.5, 14, 10], "texture": "#0"},
				"west": {"uv": [12, 9, 12.5, 9.5], "texture": "#0"},
				"up": {"uv": [12, 7.5, 12.5, 8], "texture": "#0"},
				"down": {"uv": [13, 8, 13.5, 8.5], "texture": "#0"}
			}
		},
		{
			"from": [7.85, 21.325, 1],
			"to": [8.15, 21.825, 3],
			"rotation": {"angle": 22.5, "axis": "x", "origin": [0, 0, 0]},
			"faces": {
				"north": {"uv": [14, 10.5, 14.5, 11], "texture": "#0"},
				"east": {"uv": [12.5, 10.5, 13, 11], "texture": "#0"},
				"south": {"uv": [13.5, 9.5, 14, 10], "texture": "#0"},
				"west": {"uv": [12, 9, 12.5, 9.5], "texture": "#0"},
				"up": {"uv": [12, 7.5, 12.5, 8], "texture": "#0"},
				"down": {"uv": [13, 8, 13.5, 8.5], "texture": "#0"}
			}
		},
		{
			"from": [7.85, 20.325, 1],
			"to": [8.15, 20.825, 3],
			"rotation": {"angle": 22.5, "axis": "x", "origin": [0, 0, 0]},
			"faces": {
				"north": {"uv": [14, 10.5, 14.5, 11], "texture": "#0"},
				"east": {"uv": [12.5, 10.5, 13, 11], "texture": "#0"},
				"south": {"uv": [13.5, 9.5, 14, 10], "texture": "#0"},
				"west": {"uv": [12, 9, 12.5, 9.5], "texture": "#0"},
				"up": {"uv": [12, 7.5, 12.5, 8], "texture": "#0"},
				"down": {"uv": [13, 8, 13.5, 8.5], "texture": "#0"}
			}
		},
		{
			"from": [7.85, 19.325, 1],
			"to": [8.15, 19.825, 3],
			"rotation": {"angle": 22.5, "axis": "x", "origin": [0, 0, 0]},
			"faces": {
				"north": {"uv": [14, 10.5, 14.5, 11], "texture": "#0"},
				"east": {"uv": [12.5, 10.5, 13, 11], "texture": "#0"},
				"south": {"uv": [13.5, 9.5, 14, 10], "texture": "#0"},
				"west": {"uv": [12, 9, 12.5, 9.5], "texture": "#0"},
				"up": {"uv": [12, 7.5, 12.5, 8], "texture": "#0"},
				"down": {"uv": [13, 8, 13.5, 8.5], "texture": "#0"}
			}
		}
	],
	"display": {
		"thirdperson_righthand": {
			"translation": [0, 3.25, 1.75]
		},
		"firstperson_righthand": {
			"translation": [0.5, 0, 0]
		},
		"firstperson_lefthand": {
			"translation": [1.5, 0, 0]
		},
		"ground": {
			"rotation": [-147, 0, 0],
			"translation": [0, 8.25, 0]
		},
		"gui": {
			"rotation": [0, 135, 0],
			"translation": [0, -2.5, 0],
			"scale": [0.7, 0.7, 0.7]
		},
		"fixed": {
			"rotation": [-50, 0, 0],
			"translation": [0, 0, -4.5],
			"scale": [1.5, 1.5, 1.5]
		}
	}
}