{
	"credit": "Made with Blockbench",
	"textures": {
		"0": "item/teeth_white",
		"1": "item/mouth",
		"2": "item/eyes",
		"3": "item/eyebrow",
		"4": "item/head_texture",
		"5": "item/ears_texture",
		"6": "item/nose_texture",
		"particle": "item/teeth_white"
	},
	"elements": [
		{
			"from": [-1, 0, -1],
			"to": [17, 20, 17],
			"faces": {
				"north": {"uv": [0, 0, 4.5, 5], "texture": "#4"},
				"east": {"uv": [0, 0, 4.5, 5], "texture": "#4"},
				"south": {"uv": [0, 0, 4.5, 5], "texture": "#4"},
				"west": {"uv": [0, 0, 4.5, 5], "texture": "#4"},
				"up": {"uv": [0, 0, 4.5, 5], "texture": "#4"},
				"down": {"uv": [0, 0, 4.5, 5], "texture": "#4"}
			}
		},
		{
			"from": [12, 13, -1.5],
			"to": [14, 15, -1],
			"faces": {
				"north": {"uv": [2, 0, 4, 2], "texture": "#2"},
				"east": {"uv": [3, 4, 3.5, 6], "texture": "#2"},
				"south": {"uv": [2, 2, 4, 4], "texture": "#2"},
				"west": {"uv": [4, 3, 4.5, 5], "texture": "#2"},
				"up": {"uv": [7, 0.5, 5, 0], "texture": "#2"},
				"down": {"uv": [3, 5, 1, 5.5], "texture": "#2"}
			}
		},
		{
			"from": [1, 15, -2],
			"to": [15, 16, -1],
			"faces": {
				"north": {"uv": [0.25, 0.25, 0.75, 0.75], "texture": "#3"},
				"east": {"uv": [1.25, 0.25, 1.75, 0.75], "texture": "#3"},
				"south": {"uv": [2.25, 0.25, 2.75, 0.75], "texture": "#3"},
				"west": {"uv": [3.25, 0.25, 3.75, 0.75], "texture": "#3"},
				"up": {"uv": [4.25, 0.25, 4.75, 0.75], "texture": "#3"},
				"down": {"uv": [5.25, 0.25, 5.75, 0.75], "texture": "#3"}
			}
		},
		{
			"from": [1, 2, -1.25],
			"to": [15, 7, 0],
			"faces": {
				"north": {"uv": [0.25, 0.25, 0.75, 0.75], "texture": "#1"},
				"east": {"uv": [1.25, 0.25, 1.75, 0.75], "texture": "#1"},
				"south": {"uv": [2.25, 0.25, 2.75, 0.75], "texture": "#1"},
				"west": {"uv": [3.25, 0.25, 3.75, 0.75], "texture": "#1"},
				"up": {"uv": [4.25, 0.25, 4.75, 0.75], "texture": "#1"},
				"down": {"uv": [5.25, 0.25, 5.75, 0.75], "texture": "#1"}
			}
		},
		{
			"from": [4, 5, -1.5],
			"to": [5, 7, -1.25],
			"faces": {
				"north": {"uv": [2.25, 1.25, 2.75, 1.75], "texture": "#0"},
				"east": {"uv": [3.25, 1.25, 3.75, 1.75], "texture": "#0"},
				"south": {"uv": [4.25, 1.25, 4.75, 1.75], "texture": "#0"},
				"west": {"uv": [5.25, 1.25, 5.75, 1.75], "texture": "#0"},
				"up": {"uv": [6.25, 1.25, 6.75, 1.75], "texture": "#0"},
				"down": {"uv": [7.25, 1.25, 7.75, 1.75], "texture": "#0"}
			}
		},
		{
			"from": [7, 5, -1.5],
			"to": [8, 7, -1.25],
			"faces": {
				"north": {"uv": [12.25, 0.25, 12.75, 0.75], "texture": "#0"},
				"east": {"uv": [13.25, 0.25, 13.75, 0.75], "texture": "#0"},
				"south": {"uv": [14.25, 0.25, 14.75, 0.75], "texture": "#0"},
				"west": {"uv": [15.25, 0.25, 15.75, 0.75], "texture": "#0"},
				"up": {"uv": [0.25, 1.25, 0.75, 1.75], "texture": "#0"},
				"down": {"uv": [1.25, 1.25, 1.75, 1.75], "texture": "#0"}
			}
		},
		{
			"from": [11, 5, -1.5],
			"to": [12, 7, -1.25],
			"faces": {
				"north": {"uv": [14.25, 1.25, 14.75, 1.75], "texture": "#0"},
				"east": {"uv": [15.25, 1.25, 15.75, 1.75], "texture": "#0"},
				"south": {"uv": [0.25, 2.25, 0.75, 2.75], "texture": "#0"},
				"west": {"uv": [1.25, 2.25, 1.75, 2.75], "texture": "#0"},
				"up": {"uv": [2.25, 2.25, 2.75, 2.75], "texture": "#0"},
				"down": {"uv": [3.25, 2.25, 3.75, 2.75], "texture": "#0"}
			}
		},
		{
			"from": [10, 2, -1.5],
			"to": [11, 4, -1.25],
			"faces": {
				"north": {"uv": [8.25, 1.25, 8.75, 1.75], "texture": "#0"},
				"east": {"uv": [9.25, 1.25, 9.75, 1.75], "texture": "#0"},
				"south": {"uv": [10.25, 1.25, 10.75, 1.75], "texture": "#0"},
				"west": {"uv": [11.25, 1.25, 11.75, 1.75], "texture": "#0"},
				"up": {"uv": [12.25, 1.25, 12.75, 1.75], "texture": "#0"},
				"down": {"uv": [13.25, 1.25, 13.75, 1.75], "texture": "#0"}
			}
		},
		{
			"from": [6, 2, -1.5],
			"to": [7, 4, -1.25],
			"faces": {
				"north": {"uv": [6.25, 0.25, 6.75, 0.75], "texture": "#0"},
				"east": {"uv": [7.25, 0.25, 7.75, 0.75], "texture": "#0"},
				"south": {"uv": [8.25, 0.25, 8.75, 0.75], "texture": "#0"},
				"west": {"uv": [9.25, 0.25, 9.75, 0.75], "texture": "#0"},
				"up": {"uv": [10.25, 0.25, 10.75, 0.75], "texture": "#0"},
				"down": {"uv": [11.25, 0.25, 11.75, 0.75], "texture": "#0"}
			}
		},
		{
			"from": [2, 2, -1.5],
			"to": [3, 4, -1.25],
			"faces": {
				"north": {"uv": [0.25, 0.25, 0.75, 0.75], "texture": "#0"},
				"east": {"uv": [1.25, 0.25, 1.75, 0.75], "texture": "#0"},
				"south": {"uv": [2.25, 0.25, 2.75, 0.75], "texture": "#0"},
				"west": {"uv": [3.25, 0.25, 3.75, 0.75], "texture": "#0"},
				"up": {"uv": [4.25, 0.25, 4.75, 0.75], "texture": "#0"},
				"down": {"uv": [5.25, 0.25, 5.75, 0.75], "texture": "#0"}
			}
		},
		{
			"from": [13, 2, -1.5],
			"to": [14, 4, -1.25],
			"faces": {
				"north": {"uv": [4.25, 2.25, 4.75, 2.75], "texture": "#0"},
				"east": {"uv": [5.25, 2.25, 5.75, 2.75], "texture": "#0"},
				"south": {"uv": [6.25, 2.25, 6.75, 2.75], "texture": "#0"},
				"west": {"uv": [7.25, 2.25, 7.75, 2.75], "texture": "#0"},
				"up": {"uv": [8.25, 2.25, 8.75, 2.75], "texture": "#0"},
				"down": {"uv": [9.25, 2.25, 9.75, 2.75], "texture": "#0"}
			}
		},
		{
			"from": [2, 13, -1.5],
			"to": [4, 15, -1],
			"faces": {
				"north": {"uv": [0, 0, 2, 2], "texture": "#2"},
				"east": {"uv": [0, 4, 0.5, 6], "texture": "#2"},
				"south": {"uv": [0, 2, 2, 4], "texture": "#2"},
				"west": {"uv": [4, 0, 4.5, 2], "texture": "#2"},
				"up": {"uv": [3, 4.5, 1, 4], "texture": "#2"},
				"down": {"uv": [6, 2, 4, 2.5], "texture": "#2"}
			}
		},
		{
			"from": [-8, 16, 8],
			"to": [1, 25, 10],
			"faces": {
				"north": {"uv": [0, 0, 4.5, 4.5], "texture": "#5"},
				"east": {"uv": [8, 0, 9, 4.5], "texture": "#5"},
				"south": {"uv": [0, 4.5, 4.5, 9], "texture": "#5"},
				"west": {"uv": [4.5, 8, 5.5, 12.5], "texture": "#5"},
				"up": {"uv": [12.5, 5.5, 8, 4.5], "texture": "#5"},
				"down": {"uv": [10, 8, 5.5, 9], "texture": "#5"}
			}
		},
		{
			"from": [-7, 16.75, 7.75],
			"to": [-0.25, 24.25, 8.25],
			"faces": {
				"north": {"uv": [4.5, 0, 8, 4], "texture": "#5"},
				"east": {"uv": [0, 9, 0.5, 13], "texture": "#5"},
				"south": {"uv": [4.5, 4, 8, 8], "texture": "#5"},
				"west": {"uv": [9, 0, 9.5, 4], "texture": "#5"},
				"up": {"uv": [11.5, 6, 8, 5.5], "texture": "#5"},
				"down": {"uv": [11.5, 6, 8, 6.5], "texture": "#5"}
			}
		},
		{
			"from": [13, 16.75, 7.75],
			"to": [19.75, 24.25, 8.25],
			"faces": {
				"north": {"uv": [4.5, 0, 8, 4], "texture": "#5"},
				"east": {"uv": [0, 9, 0.5, 13], "texture": "#5"},
				"south": {"uv": [4.5, 4, 8, 8], "texture": "#5"},
				"west": {"uv": [9, 0, 9.5, 4], "texture": "#5"},
				"up": {"uv": [11.5, 6, 8, 5.5], "texture": "#5"},
				"down": {"uv": [11.5, 6, 8, 6.5], "texture": "#5"}
			}
		},
		{
			"from": [11.75, 16, 8],
			"to": [20.75, 25, 10],
			"faces": {
				"north": {"uv": [0, 0, 4.5, 4.5], "texture": "#5"},
				"east": {"uv": [8, 0, 9, 4.5], "texture": "#5"},
				"south": {"uv": [0, 4.5, 4.5, 9], "texture": "#5"},
				"west": {"uv": [4.5, 8, 5.5, 12.5], "texture": "#5"},
				"up": {"uv": [12.5, 5.5, 8, 4.5], "texture": "#5"},
				"down": {"uv": [10, 8, 5.5, 9], "texture": "#5"}
			}
		},
		{
			"from": [7, 7, -2],
			"to": [9, 12, -0.5],
			"faces": {
				"north": {"uv": [0, 0, 2, 5], "texture": "#6"},
				"east": {"uv": [2, 0, 4, 5], "texture": "#6"},
				"south": {"uv": [4, 0, 6, 5], "texture": "#6"},
				"west": {"uv": [0, 5, 2, 10], "texture": "#6"},
				"up": {"uv": [4, 7, 2, 5], "texture": "#6"},
				"down": {"uv": [6, 5, 4, 7], "texture": "#6"}
			}
		}
	],
	"display": {
		"thirdperson_righthand": {
			"scale": [0.5, 0.5, 0.5]
		},
		"firstperson_righthand": {
			"rotation": [0, 101, 0],
			"translation": [0, 1.75, 0],
			"scale": [0.3, 0.3, 0.3]
		},
		"firstperson_lefthand": {
			"translation": [18.25, 0, 0]
		},
		"gui": {
			"rotation": [-180, 34, -180],
			"translation": [0, -1.5, 0],
			"scale": [0.5, 0.5, 0.5]
		},
		"fixed": {
			"translation": [0, -1.75, 0]
		}
	}
}