{
	"credit": "Made with Blockbench",
	"texture_size": [8, 8],
	"textures": {
		"1": "item/flame_engine_texture",
		"3": "item/engine_main_texture",
		"particle": "item/engine_main_texture"
	},
	"elements": [
		{
			"name": "octagon",
			"from": [2, 6.75736, 5],
			"to": [14, 9.24264, 5.5],
			"rotation": {"angle": 45, "axis": "x", "origin": [8, 8, 8]},
			"faces": {
				"north": {"uv": [0, 1.5, 3, 2], "texture": "#3"},
				"east": {"uv": [6, 1.75, 6.25, 2.25], "texture": "#3"},
				"south": {"uv": [0, 2, 3, 2.5], "texture": "#3"},
				"west": {"uv": [6, 2.25, 6.25, 2.75], "texture": "#3"},
				"up": {"uv": [6, 4.25, 3, 4], "texture": "#3"},
				"down": {"uv": [6, 4.25, 3, 4.5], "texture": "#3"}
			}
		},
		{
			"name": "octagon",
			"from": [2, 6.55736, 5],
			"to": [14, 9.24264, 5.5],
			"rotation": {"angle": 0, "axis": "x", "origin": [8, 8, 8]},
			"faces": {
				"north": {"uv": [0, 0, 3, 0.75], "texture": "#3"},
				"east": {"uv": [6, 0.25, 6.25, 1], "texture": "#3"},
				"south": {"uv": [0, 0.75, 3, 1.5], "texture": "#3"},
				"west": {"uv": [6, 1, 6.25, 1.75], "texture": "#3"},
				"up": {"uv": [3, 4.75, 0, 4.5], "texture": "#3"},
				"down": {"uv": [6, 4.5, 3, 4.75], "texture": "#3"}
			}
		},
		{
			"name": "octagon",
			"from": [2, 6.75736, 10.5],
			"to": [14, 9.24264, 11],
			"rotation": {"angle": 45, "axis": "x", "origin": [8, 8, 8]},
			"faces": {
				"north": {"uv": [0, 2.5, 3, 3], "texture": "#3"},
				"east": {"uv": [6, 2.75, 6.25, 3.25], "texture": "#3"},
				"south": {"uv": [0, 3, 3, 3.5], "texture": "#3"},
				"west": {"uv": [3, 6, 3.25, 6.5], "texture": "#3"},
				"up": {"uv": [3, 5, 0, 4.75], "texture": "#3"},
				"down": {"uv": [6, 4.75, 3, 5], "texture": "#3"}
			}
		},
		{
			"name": "octagon",
			"from": [2, 6.75736, 10.5],
			"to": [14, 9.24264, 11],
			"rotation": {"angle": 0, "axis": "x", "origin": [8, 8, 8]},
			"faces": {
				"north": {"uv": [3, 0, 6, 0.5], "texture": "#3"},
				"east": {"uv": [3.25, 6, 3.5, 6.5], "texture": "#3"},
				"south": {"uv": [3, 0.5, 6, 1], "texture": "#3"},
				"west": {"uv": [6, 3.25, 6.25, 3.75], "texture": "#3"},
				"up": {"uv": [3, 5.25, 0, 5], "texture": "#3"},
				"down": {"uv": [6, 5, 3, 5.25], "texture": "#3"}
			}
		},
		{
			"name": "octagon",
			"from": [2, 5, 6.75736],
			"to": [14, 5.5, 9.24264],
			"rotation": {"angle": 45, "axis": "x", "origin": [8, 8, 8]},
			"faces": {
				"north": {"uv": [0, 5.25, 3, 5.5], "texture": "#3"},
				"east": {"uv": [3.5, 6, 4, 6.25], "texture": "#3"},
				"south": {"uv": [3, 5.25, 6, 5.5], "texture": "#3"},
				"west": {"uv": [6, 3.75, 6.5, 4], "texture": "#3"},
				"up": {"uv": [6, 1.5, 3, 1], "texture": "#3"},
				"down": {"uv": [6, 1.5, 3, 2], "texture": "#3"}
			}
		},
		{
			"name": "octagon",
			"from": [2, 5, 6.75736],
			"to": [14, 5.5, 9.24264],
			"rotation": {"angle": 0, "axis": "x", "origin": [8, 8, 8]},
			"faces": {
				"north": {"uv": [0, 5.5, 3, 5.75], "texture": "#3"},
				"east": {"uv": [4, 6, 4.5, 6.25], "texture": "#3"},
				"south": {"uv": [3, 5.5, 6, 5.75], "texture": "#3"},
				"west": {"uv": [6, 4, 6.5, 4.25], "texture": "#3"},
				"up": {"uv": [6, 2.5, 3, 2], "texture": "#3"},
				"down": {"uv": [6, 2.5, 3, 3], "texture": "#3"}
			}
		},
		{
			"name": "octagon",
			"from": [2, 10.5, 6.75736],
			"to": [14, 11.2, 9.24264],
			"rotation": {"angle": 45, "axis": "x", "origin": [8, 8, 8]},
			"faces": {
				"north": {"uv": [0, 5.75, 3, 6], "texture": "#3"},
				"east": {"uv": [6, 4.25, 6.5, 4.5], "texture": "#3"},
				"south": {"uv": [3, 5.75, 6, 6], "texture": "#3"},
				"west": {"uv": [4.5, 6, 5, 6.25], "texture": "#3"},
				"up": {"uv": [6, 3.5, 3, 3], "texture": "#3"},
				"down": {"uv": [3, 3.5, 0, 4], "texture": "#3"}
			}
		},
		{
			"name": "octagon",
			"from": [2, 10.5, 6.75736],
			"to": [14, 11, 9.24264],
			"rotation": {"angle": 0, "axis": "x", "origin": [8, 8, 8]},
			"faces": {
				"north": {"uv": [0, 6, 3, 6.25], "texture": "#3"},
				"east": {"uv": [6, 4.5, 6.5, 4.75], "texture": "#3"},
				"south": {"uv": [6, 0, 9, 0.25], "texture": "#3"},
				"west": {"uv": [6, 4.75, 6.5, 5], "texture": "#3"},
				"up": {"uv": [6, 4, 3, 3.5], "texture": "#3"},
				"down": {"uv": [3, 4, 0, 4.5], "texture": "#3"}
			}
		},
		{
			"from": [2.2, 6.35, 6.05],
			"to": [2.45, 9.55, 10.5],
			"faces": {
				"north": {"uv": [9.5, 0, 9.75, 1.5], "texture": "#1"},
				"east": {"uv": [0, 0, 2.25, 1.5], "texture": "#1"},
				"south": {"uv": [9.5, 1.5, 9.75, 3], "texture": "#1"},
				"west": {"uv": [0, 1.5, 2.25, 3], "texture": "#1"},
				"up": {"uv": [8.25, 7.25, 8, 5], "texture": "#1"},
				"down": {"uv": [8.25, 7.5, 8, 9.75], "texture": "#1"}
			}
		},
		{
			"from": [2.2, 5.35, 6.45],
			"to": [2.45, 6.45, 9.6],
			"faces": {
				"north": {"uv": [9, 2, 9.25, 2.5], "texture": "#1"},
				"east": {"uv": [8, 3, 9.5, 3.5], "texture": "#1"},
				"south": {"uv": [9, 2.5, 9.25, 3], "texture": "#1"},
				"west": {"uv": [8, 3.5, 9.5, 4], "texture": "#1"},
				"up": {"uv": [9.75, 4.5, 9.5, 3], "texture": "#1"},
				"down": {"uv": [9.75, 4.5, 9.5, 6], "texture": "#1"}
			}
		},
		{
			"from": [2.2, 6.25, 6.05],
			"to": [2.45, 9.35, 9.8],
			"faces": {
				"north": {"uv": [9.5, 6, 9.75, 7.5], "texture": "#1"},
				"east": {"uv": [0, 3, 2, 4.5], "texture": "#1"},
				"south": {"uv": [9.5, 7.5, 9.75, 9], "texture": "#1"},
				"west": {"uv": [2, 3, 4, 4.5], "texture": "#1"},
				"up": {"uv": [0.25, 11, 0, 9], "texture": "#1"},
				"down": {"uv": [9.25, 0, 9, 2], "texture": "#1"}
			}
		},
		{
			"from": [2.2, 6.4, 5.45],
			"to": [2.45, 9.35, 9.4],
			"faces": {
				"north": {"uv": [9.5, 9, 9.75, 10.5], "texture": "#1"},
				"east": {"uv": [4, 3, 6, 4.5], "texture": "#1"},
				"south": {"uv": [10, 0, 10.25, 1.5], "texture": "#1"},
				"west": {"uv": [0, 4.5, 2, 6], "texture": "#1"},
				"up": {"uv": [0.75, 11, 0.5, 9], "texture": "#1"},
				"down": {"uv": [1.25, 9, 1, 11], "texture": "#1"}
			}
		},
		{
			"from": [2.2, 7, 5.45],
			"to": [2.45, 9.35, 9.4],
			"faces": {
				"north": {"uv": [10, 10.5, 10.25, 11.75], "texture": "#1"},
				"east": {"uv": [0, 7.5, 2, 8.75], "texture": "#1"},
				"south": {"uv": [10.5, 10.5, 10.75, 11.75], "texture": "#1"},
				"west": {"uv": [2, 7.5, 4, 8.75], "texture": "#1"},
				"up": {"uv": [1.75, 11, 1.5, 9], "texture": "#1"},
				"down": {"uv": [2.25, 9, 2, 11], "texture": "#1"}
			}
		},
		{
			"from": [2.2, 7.05, 5.85],
			"to": [2.45, 10.15, 9.6],
			"faces": {
				"north": {"uv": [10, 1.5, 10.25, 3], "texture": "#1"},
				"east": {"uv": [2, 4.5, 4, 6], "texture": "#1"},
				"south": {"uv": [10, 3, 10.25, 4.5], "texture": "#1"},
				"west": {"uv": [4, 4.5, 6, 6], "texture": "#1"},
				"up": {"uv": [2.75, 11, 2.5, 9], "texture": "#1"},
				"down": {"uv": [3.25, 9, 3, 11], "texture": "#1"}
			}
		},
		{
			"from": [2.2, 7.55, 6.35],
			"to": [2.45, 10.55, 9.9],
			"faces": {
				"north": {"uv": [10, 4.5, 10.25, 6], "texture": "#1"},
				"east": {"uv": [6, 4.5, 7.75, 6], "texture": "#1"},
				"south": {"uv": [10, 6, 10.25, 7.5], "texture": "#1"},
				"west": {"uv": [6, 6, 7.75, 7.5], "texture": "#1"},
				"up": {"uv": [7.25, 10.75, 7, 9], "texture": "#1"},
				"down": {"uv": [9.25, 7, 9, 8.75], "texture": "#1"}
			}
		},
		{
			"from": [13.7, 6.35, 6.05],
			"to": [13.95, 9.55, 10.5],
			"faces": {
				"north": {"uv": [10, 7.5, 10.25, 9], "texture": "#1"},
				"east": {"uv": [2.5, 0, 4.75, 1.5], "texture": "#1"},
				"south": {"uv": [8, 10, 8.25, 11.5], "texture": "#1"},
				"west": {"uv": [2.5, 1.5, 4.75, 3], "texture": "#1"},
				"up": {"uv": [8.75, 7.25, 8.5, 5], "texture": "#1"},
				"down": {"uv": [8.75, 7.5, 8.5, 9.75], "texture": "#1"}
			}
		},
		{
			"from": [13.7, 5.35, 6.45],
			"to": [13.95, 6.45, 9.6],
			"faces": {
				"north": {"uv": [0.5, 11, 0.75, 11.5], "texture": "#1"},
				"east": {"uv": [8, 4, 9.5, 4.5], "texture": "#1"},
				"south": {"uv": [1, 11, 1.25, 11.5], "texture": "#1"},
				"west": {"uv": [8, 4.5, 9.5, 5], "texture": "#1"},
				"up": {"uv": [8.75, 11.5, 8.5, 10], "texture": "#1"},
				"down": {"uv": [10.25, 9, 10, 10.5], "texture": "#1"}
			}
		},
		{
			"from": [13.7, 6.25, 6.05],
			"to": [13.95, 9.35, 9.8],
			"faces": {
				"north": {"uv": [10.5, 0, 10.75, 1.5], "texture": "#1"},
				"east": {"uv": [5, 0, 7, 1.5], "texture": "#1"},
				"south": {"uv": [10.5, 1.5, 10.75, 3], "texture": "#1"},
				"west": {"uv": [5, 1.5, 7, 3], "texture": "#1"},
				"up": {"uv": [3.75, 11, 3.5, 9], "texture": "#1"},
				"down": {"uv": [4.25, 9, 4, 11], "texture": "#1"}
			}
		},
		{
			"from": [13.7, 6.4, 5.45],
			"to": [13.95, 9.35, 9.4],
			"faces": {
				"north": {"uv": [10.5, 3, 10.75, 4.5], "texture": "#1"},
				"east": {"uv": [0, 6, 2, 7.5], "texture": "#1"},
				"south": {"uv": [10.5, 4.5, 10.75, 6], "texture": "#1"},
				"west": {"uv": [2, 6, 4, 7.5], "texture": "#1"},
				"up": {"uv": [4.75, 11, 4.5, 9], "texture": "#1"},
				"down": {"uv": [5.25, 9, 5, 11], "texture": "#1"}
			}
		},
		{
			"from": [13.7, 7, 5.45],
			"to": [13.95, 9.35, 9.4],
			"faces": {
				"north": {"uv": [0, 11, 0.25, 12.25], "texture": "#1"},
				"east": {"uv": [4, 7.5, 6, 8.75], "texture": "#1"},
				"south": {"uv": [11, 0, 11.25, 1.25], "texture": "#1"},
				"west": {"uv": [6, 7.5, 8, 8.75], "texture": "#1"},
				"up": {"uv": [9.25, 7, 9, 5], "texture": "#1"},
				"down": {"uv": [5.75, 9, 5.5, 11], "texture": "#1"}
			}
		},
		{
			"from": [13.7, 7.05, 5.85],
			"to": [13.95, 10.15, 9.6],
			"faces": {
				"north": {"uv": [10.5, 6, 10.75, 7.5], "texture": "#1"},
				"east": {"uv": [6, 3, 8, 4.5], "texture": "#1"},
				"south": {"uv": [10.5, 7.5, 10.75, 9], "texture": "#1"},
				"west": {"uv": [4, 6, 6, 7.5], "texture": "#1"},
				"up": {"uv": [6.25, 11, 6, 9], "texture": "#1"},
				"down": {"uv": [6.75, 9, 6.5, 11], "texture": "#1"}
			}
		},
		{
			"from": [13.7, 7.55, 6.35],
			"to": [13.95, 10.55, 9.9],
			"faces": {
				"north": {"uv": [10.5, 9, 10.75, 10.5], "texture": "#1"},
				"east": {"uv": [7, 0, 8.75, 1.5], "texture": "#1"},
				"south": {"uv": [9.5, 10.5, 9.75, 12], "texture": "#1"},
				"west": {"uv": [7, 1.5, 8.75, 3], "texture": "#1"},
				"up": {"uv": [7.75, 10.75, 7.5, 9], "texture": "#1"},
				"down": {"uv": [9.25, 9, 9, 10.75], "texture": "#1"}
			}
		}
	],
	"display": {
		"thirdperson_righthand": {
			"rotation": [-19.12, 1.48, -82.03],
			"translation": [0, -5, 0],
			"scale": [1.79, 1.79, 1.79]
		},
		"thirdperson_lefthand": {
			"rotation": [-22.23, 22.51, 89.23],
			"translation": [-11.75, -4.25, -3.25],
			"scale": [1.79, 1.79, 1.79]
		},
		"firstperson_righthand": {
			"rotation": [-180, 88, -180],
			"translation": [-0.75, 2.5, 4]
		},
		"firstperson_lefthand": {
			"rotation": [0, 82.5, 0],
			"translation": [-17, 0, 0]
		},
		"gui": {
			"rotation": [-16.36, 38.32, 10.31]
		}
	},
	"groups": [
		{
			"name": "octagon",
			"origin": [8, 8, 8],
			"color": 0,
			"children": [0, 1, 2, 3, 4, 5, 6, 7]
		},
		8,
		9,
		10,
		11,
		12,
		13,
		14,
		15,
		16,
		17,
		18,
		19,
		20,
		21
	]
}