{
	"credit": "Made with Blockbench",
	"textures": {
		"0": "item/gun_trigger_arm",
		"1": "item/gun_main_texture",
		"2": "item/gun_handle_texture",
		"particle": "item/gun_trigger_arm"
	},
	"elements": [
		{
			"from": [0, 9.25, 5.5],
			"to": [14.75, 13.5, 9.5],
			"faces": {
				"north": {"uv": [0, 0, 7.5, 2], "texture": "#1"},
				"east": {"uv": [7.5, 0, 9.5, 2], "texture": "#1"},
				"south": {"uv": [0, 2, 7.5, 4], "texture": "#1"},
				"west": {"uv": [7.5, 2, 9.5, 4], "texture": "#1"},
				"up": {"uv": [7.5, 6, 0, 4], "texture": "#1"},
				"down": {"uv": [7.5, 6, 0, 8], "texture": "#1"}
			}
		},
		{
			"from": [3, 3, 6],
			"to": [6, 10, 9],
			"faces": {
				"north": {"uv": [0, 0, 3, 7], "texture": "#2"},
				"east": {"uv": [3, 0, 6, 7], "texture": "#2"},
				"south": {"uv": [6, 0, 9, 7], "texture": "#2"},
				"west": {"uv": [0, 7, 3, 14], "texture": "#2"},
				"up": {"uv": [6, 10, 3, 7], "texture": "#2"},
				"down": {"uv": [9, 7, 6, 10], "texture": "#2"}
			}
		},
		{
			"from": [6, 7.25, 7.25],
			"to": [7, 10, 7.75],
			"faces": {
				"north": {"uv": [0, 2, 1, 5], "texture": "#0"},
				"east": {"uv": [1, 2, 2, 5], "texture": "#0"},
				"south": {"uv": [2, 2, 3, 5], "texture": "#0"},
				"west": {"uv": [3, 2, 4, 5], "texture": "#0"},
				"up": {"uv": [6, 6, 5, 5], "texture": "#0"},
				"down": {"uv": [7, 0, 6, 1], "texture": "#0"}
			}
		},
		{
			"from": [7, 8.25, 7.5],
			"to": [8, 10, 7.75],
			"faces": {
				"north": {"uv": [1, 5, 2, 7], "texture": "#0"},
				"east": {"uv": [2, 5, 3, 7], "texture": "#0"},
				"south": {"uv": [3, 5, 4, 7], "texture": "#0"},
				"west": {"uv": [5, 3, 6, 5], "texture": "#0"},
				"up": {"uv": [7, 2, 6, 1], "texture": "#0"},
				"down": {"uv": [7, 2, 6, 3], "texture": "#0"}
			}
		},
		{
			"from": [9, 7.25, 7.25],
			"to": [10, 10, 7.75],
			"faces": {
				"north": {"uv": [4, 0, 5, 3], "texture": "#0"},
				"east": {"uv": [4, 3, 5, 6], "texture": "#0"},
				"south": {"uv": [0, 5, 1, 8], "texture": "#0"},
				"west": {"uv": [5, 0, 6, 3], "texture": "#0"},
				"up": {"uv": [7, 4, 6, 3], "texture": "#0"},
				"down": {"uv": [5, 6, 4, 7], "texture": "#0"}
			}
		},
		{
			"from": [6, 7.25, 7.25],
			"to": [10, 7.25, 7.75],
			"faces": {
				"north": {"uv": [0, 0, 4, 0], "texture": "#0"},
				"east": {"uv": [0, 0, 1, 0], "texture": "#0"},
				"south": {"uv": [0, 0, 4, 0], "texture": "#0"},
				"west": {"uv": [0, 0, 1, 0], "texture": "#0"},
				"up": {"uv": [4, 1, 0, 0], "texture": "#0"},
				"down": {"uv": [4, 1, 0, 2], "texture": "#0"}
			}
		}
	],
	"display": {
		"thirdperson_righthand": {
			"rotation": [0, 95, 0],
			"translation": [0, 1.75, -1.25]
		},
		"firstperson_righthand": {
			"rotation": [8, 89, 0],
			"translation": [7.25, 2, -2]
		},
		"firstperson_lefthand": {
			"rotation": [0, -88, 0]
		}
	},
	"groups": [
		0,
		1,
		{
			"name": "Gun trigger",
			"origin": [0, 0, 0],
			"color": 5,
			"children": [2, 3, 4, 5]
		}
	]
}