{
	"credit": "Made with Blockbench",
	"texture_size": [64, 64],
	"textures": {
		"0": "item/handle_for_judge_hammer",
		"1": "item/bars_for_judge_hammer",
		"2": "item/silver_inside_of_rings",
		"particle": "item/handle_for_judge_hammer"
	},
	"elements": [
		{
			"from": [6.5, -16, 6],
			"to": [9.75, 0, 9],
			"faces": {
				"north": {"uv": [0, 0, 3, 16], "texture": "#0"},
				"east": {"uv": [3, 0, 6, 16], "texture": "#0"},
				"south": {"uv": [6, 0, 9, 16], "texture": "#0"},
				"west": {"uv": [9, 0, 12, 16], "texture": "#0"},
				"up": {"uv": [15, 3, 12, 0], "texture": "#0"},
				"down": {"uv": [15, 3, 12, 6], "texture": "#0"}
			}
		},
		{
			"from": [5.75, -5.25, 5],
			"to": [10.5, -4.25, 9.75],
			"faces": {
				"north": {"uv": [6, 5.75, 7.25, 6], "texture": "#1"},
				"east": {"uv": [6, 6, 7.25, 6.25], "texture": "#1"},
				"south": {"uv": [6.25, 0, 7.5, 0.25], "texture": "#1"},
				"west": {"uv": [6.25, 0.25, 7.5, 0.5], "texture": "#1"},
				"up": {"uv": [6.25, 3.75, 5, 2.5], "texture": "#1"},
				"down": {"uv": [6.25, 3.75, 5, 5], "texture": "#1"}
			}
		},
		{
			"from": [5.75, -15.25, 5.25],
			"to": [10.5, -14.25, 10],
			"faces": {
				"north": {"uv": [3, 6, 4.25, 6.25], "texture": "#1"},
				"east": {"uv": [6, 5, 7.25, 5.25], "texture": "#1"},
				"south": {"uv": [6, 5.25, 7.25, 5.5], "texture": "#1"},
				"west": {"uv": [6, 5.5, 7.25, 5.75], "texture": "#1"},
				"up": {"uv": [6.25, 1.25, 5, 0], "texture": "#1"},
				"down": {"uv": [6.25, 1.25, 5, 2.5], "texture": "#1"}
			}
		},
		{
			"from": [-1.25, 0, 3],
			"to": [16.5, 9.25, 8.75],
			"faces": {
				"north": {"uv": [0, 0, 4.5, 2.25], "texture": "#2"},
				"east": {"uv": [4.5, 1.5, 6, 3.75], "texture": "#2"},
				"south": {"uv": [0, 2.25, 4.5, 4.5], "texture": "#2"},
				"west": {"uv": [4.5, 3.75, 6, 6], "texture": "#2"},
				"up": {"uv": [4.5, 6, 0, 4.5], "texture": "#2"},
				"down": {"uv": [9, 0, 4.5, 1.5], "texture": "#2"}
			}
		},
		{
			"from": [0, -0.75, 1.5],
			"to": [2, 11.5, 10.5],
			"faces": {
				"north": {"uv": [5, 5, 5.5, 8], "texture": "#1"},
				"east": {"uv": [0, 0, 2.5, 3], "texture": "#1"},
				"south": {"uv": [5.5, 5, 6, 8], "texture": "#1"},
				"west": {"uv": [2.5, 0, 5, 3], "texture": "#1"},
				"up": {"uv": [1.5, 8.5, 1, 6], "texture": "#1"},
				"down": {"uv": [2, 6, 1.5, 8.5], "texture": "#1"}
			}
		},
		{
			"from": [13.75, -0.75, 1.5],
			"to": [15.75, 11.5, 10.5],
			"faces": {
				"north": {"uv": [0, 6, 0.5, 9], "texture": "#1"},
				"east": {"uv": [0, 3, 2.5, 6], "texture": "#1"},
				"south": {"uv": [0.5, 6, 1, 9], "texture": "#1"},
				"west": {"uv": [2.5, 3, 5, 6], "texture": "#1"},
				"up": {"uv": [2.5, 8.5, 2, 6], "texture": "#1"},
				"down": {"uv": [3, 6, 2.5, 8.5], "texture": "#1"}
			}
		}
	],
	"display": {
		"thirdperson_righthand": {
			"rotation": [40.53, 71.19, -48.23],
			"translation": [10.5, 33, -0.75],
			"scale": [2, 2, 2]
		},
		"thirdperson_lefthand": {
			"rotation": [46.42, -65.78, 67.04],
			"translation": [-17, 34.25, -11.75],
			"scale": [2, 2, 2]
		},
		"firstperson_righthand": {
			"rotation": [-180, 80.5, -180],
			"translation": [0, 13.5, 0],
			"scale": [0.66016, 0.66016, 0.66016]
		},
		"firstperson_lefthand": {
			"rotation": [-180, 86, 180],
			"translation": [0, 11.25, 0],
			"scale": [0.6, 0.6, 0.6]
		},
		"ground": {
			"translation": [0, 39.75, 0],
			"scale": [2, 2, 2]
		},
		"gui": {
			"translation": [0, 4, 0],
			"scale": [0.44336, 0.44336, 0.44336]
		},
		"fixed": {
			"translation": [0, 10, 0]
		}
	}
}