{
	"credit": "Made with Blockbench",
	"texture_size": [32, 32],
	"textures": {
		"0": "item/lava_hammer_texture_head",
		"1": "item/lava_hammer_holder",
		"2": "item/lava_hammer_handle",
		"particle": "item/lava_hammer_texture_head"
	},
	"elements": [
		{
			"from": [2.75, 8, 5.75],
			"to": [13.5, 12.5, 11],
			"faces": {
				"north": {"uv": [0, 0, 6, 2.5], "texture": "#0"},
				"east": {"uv": [0, 10, 2.5, 12.5], "texture": "#0"},
				"south": {"uv": [0, 2.5, 6, 5], "texture": "#0"},
				"west": {"uv": [2.5, 10, 5, 12.5], "texture": "#0"},
				"up": {"uv": [6, 7.5, 0, 5], "texture": "#0"},
				"down": {"uv": [12, 0, 6, 2.5], "texture": "#0"}
			}
		},
		{
			"from": [7.25, 7.75, 5.5],
			"to": [8.75, 12.75, 11.25],
			"faces": {
				"north": {"uv": [10, 0, 13, 6], "texture": "#1"},
				"east": {"uv": [0, 0, 7, 6], "texture": "#1"},
				"south": {"uv": [10, 6, 13, 12], "texture": "#1"},
				"west": {"uv": [0, 6, 7, 12], "texture": "#1"},
				"up": {"uv": [10, 7, 7, 0], "texture": "#1"},
				"down": {"uv": [10, 7, 7, 14], "texture": "#1"}
			}
		},
		{
			"name": "hexadecagon",
			"from": [7.80109, -4, 7],
			"to": [8.19891, 8, 9],
			"rotation": {"angle": 0, "axis": "y", "origin": [8, 2, 8]},
			"faces": {
				"north": {"uv": [8, 0, 8.5, 6], "texture": "#2"},
				"east": {"uv": [0, 0, 1, 6], "texture": "#2"},
				"south": {"uv": [8, 6, 8.5, 12], "texture": "#2"},
				"west": {"uv": [1, 0, 2, 6], "texture": "#2"},
				"up": {"uv": [0.5, 13, 0, 12], "texture": "#2"},
				"down": {"uv": [12.5, 0, 12, 1], "texture": "#2"}
			}
		},
		{
			"name": "hexadecagon",
			"from": [7, -4, 7.80109],
			"to": [9, 8, 8.19891],
			"rotation": {"angle": 22.5, "axis": "y", "origin": [8, 2, 8]},
			"faces": {
				"north": {"uv": [2, 0, 3, 6], "texture": "#2"},
				"east": {"uv": [8.5, 0, 9, 6], "texture": "#2"},
				"south": {"uv": [3, 0, 4, 6], "texture": "#2"},
				"west": {"uv": [8.5, 6, 9, 12], "texture": "#2"},
				"up": {"uv": [1.5, 12.5, 0.5, 12], "texture": "#2"},
				"down": {"uv": [13, 1, 12, 1.5], "texture": "#2"}
			}
		},
		{
			"name": "hexadecagon",
			"from": [7.80109, -4, 7],
			"to": [8.19891, 8, 9],
			"rotation": {"angle": -45, "axis": "y", "origin": [8, 2, 8]},
			"faces": {
				"north": {"uv": [9, 0, 9.5, 6], "texture": "#2"},
				"east": {"uv": [4, 0, 5, 6], "texture": "#2"},
				"south": {"uv": [9, 6, 9.5, 12], "texture": "#2"},
				"west": {"uv": [5, 0, 6, 6], "texture": "#2"},
				"up": {"uv": [2, 13, 1.5, 12], "texture": "#2"},
				"down": {"uv": [12.5, 1.5, 12, 2.5], "texture": "#2"}
			}
		},
		{
			"name": "hexadecagon",
			"from": [7, -4, 7.80109],
			"to": [9, 8, 8.19891],
			"rotation": {"angle": 0, "axis": "y", "origin": [8, 2, 8]},
			"faces": {
				"north": {"uv": [0, 6, 1, 12], "texture": "#2"},
				"east": {"uv": [9.5, 0, 10, 6], "texture": "#2"},
				"south": {"uv": [6, 0, 7, 6], "texture": "#2"},
				"west": {"uv": [9.5, 6, 10, 12], "texture": "#2"},
				"up": {"uv": [3, 12.5, 2, 12], "texture": "#2"},
				"down": {"uv": [13, 2.5, 12, 3], "texture": "#2"}
			}
		},
		{
			"name": "hexadecagon",
			"from": [7, -4, 7.80109],
			"to": [9, 8, 8.19891],
			"rotation": {"angle": -22.5, "axis": "y", "origin": [8, 2, 8]},
			"faces": {
				"north": {"uv": [1, 6, 2, 12], "texture": "#2"},
				"east": {"uv": [10, 0, 10.5, 6], "texture": "#2"},
				"south": {"uv": [2, 6, 3, 12], "texture": "#2"},
				"west": {"uv": [10, 6, 10.5, 12], "texture": "#2"},
				"up": {"uv": [4, 12.5, 3, 12], "texture": "#2"},
				"down": {"uv": [13, 3, 12, 3.5], "texture": "#2"}
			}
		},
		{
			"name": "hexadecagon",
			"from": [7.80109, -4, 7],
			"to": [8.19891, 8, 9],
			"rotation": {"angle": 22.5, "axis": "y", "origin": [8, 2, 8]},
			"faces": {
				"north": {"uv": [10.5, 0, 11, 6], "texture": "#2"},
				"east": {"uv": [3, 6, 4, 12], "texture": "#2"},
				"south": {"uv": [10.5, 6, 11, 12], "texture": "#2"},
				"west": {"uv": [4, 6, 5, 12], "texture": "#2"},
				"up": {"uv": [12.5, 4.5, 12, 3.5], "texture": "#2"},
				"down": {"uv": [4.5, 12, 4, 13], "texture": "#2"}
			}
		},
		{
			"name": "hexadecagon",
			"from": [7.80109, -4, 7],
			"to": [8.19891, 8, 9],
			"rotation": {"angle": 45, "axis": "y", "origin": [8, 2, 8]},
			"faces": {
				"north": {"uv": [11, 0, 11.5, 6], "texture": "#2"},
				"east": {"uv": [5, 6, 6, 12], "texture": "#2"},
				"south": {"uv": [11, 6, 11.5, 12], "texture": "#2"},
				"west": {"uv": [6, 6, 7, 12], "texture": "#2"},
				"up": {"uv": [5, 13, 4.5, 12], "texture": "#2"},
				"down": {"uv": [12.5, 4.5, 12, 5.5], "texture": "#2"}
			}
		},
		{
			"name": "hexadecagon",
			"from": [7.80109, -4, 7],
			"to": [8.19891, 8, 9],
			"rotation": {"angle": -22.5, "axis": "y", "origin": [8, 2, 8]},
			"faces": {
				"north": {"uv": [11.5, 0, 12, 6], "texture": "#2"},
				"east": {"uv": [7, 0, 8, 6], "texture": "#2"},
				"south": {"uv": [11.5, 6, 12, 12], "texture": "#2"},
				"west": {"uv": [7, 6, 8, 12], "texture": "#2"},
				"up": {"uv": [5.5, 13, 5, 12], "texture": "#2"},
				"down": {"uv": [6, 12, 5.5, 13], "texture": "#2"}
			}
		}
	],
	"display": {
		"thirdperson_righthand": {
			"rotation": [70.38, 67.47, -93.13],
			"translation": [3.75, 8.75, -2]
		},
		"thirdperson_lefthand": {
			"rotation": [96.58, 64.03, -128.44],
			"translation": [3.5, 7, -5.5]
		},
		"firstperson_righthand": {
			"rotation": [0, 89, 0],
			"translation": [2.75, 5.25, 0]
		},
		"firstperson_lefthand": {
			"rotation": [0, 79.75, 0],
			"translation": [0, 4.75, 0]
		},
		"ground": {
			"translation": [0, 8.5, 0]
		},
		"gui": {
			"rotation": [0, 35.25, 0],
			"scale": [0.6, 0.6, 0.6]
		},
		"fixed": {
			"rotation": [0, 0.25, 0],
			"translation": [0, 3.75, 0]
		}
	},
	"groups": [
		0,
		1,
		{
			"name": "hexadecagon",
			"origin": [8, 8, 8],
			"color": 0,
			"children": [2, 3, 4, 5, 6, 7, 8, 9]
		}
	]
}