{
	"credit": "Made with Blockbench",
	"parent": "item",
	"textures": {
		"0": "item/strings_mask_cool",
		"1": "item/back_of_mask",
		"2": "item/outside_of_eyes",
		"3": "item/eyes_pupil_mask",
		"4": "item/mouth_for_mask",
		"particle": "item/strings_mask_cool"
	},
	"elements": [
		{
			"name": "back",
			"from": [3.75, 0, 7],
			"to": [9, 8.25, 8],
			"faces": {
				"north": {"uv": [0, 0, 5, 8], "texture": "#1"},
				"east": {"uv": [0, 8, 1, 16], "texture": "#1"},
				"south": {"uv": [5, 0, 10, 8], "texture": "#1"},
				"west": {"uv": [1, 8, 2, 16], "texture": "#1"},
				"up": {"uv": [7, 9, 2, 8], "texture": "#1"},
				"down": {"uv": [12, 8, 7, 9], "texture": "#1"}
			}
		},
		{
			"name": "face",
			"from": [4, 0.25, 6.75],
			"to": [8.75, 2, 7.5],
			"faces": {
				"north": {"uv": [0, 0, 5, 2], "texture": "#4"},
				"east": {"uv": [5, 0, 6, 2], "texture": "#4"},
				"south": {"uv": [0, 2, 5, 4], "texture": "#4"},
				"west": {"uv": [5, 2, 6, 4], "texture": "#4"},
				"up": {"uv": [5, 5, 0, 4], "texture": "#4"},
				"down": {"uv": [5, 5, 0, 6], "texture": "#4"}
			}
		},
		{
			"from": [7, 4, 5],
			"to": [9, 6, 7],
			"faces": {
				"north": {"uv": [2, 4, 4, 6], "texture": "#2"},
				"east": {"uv": [4, 2, 6, 4], "texture": "#2"},
				"south": {"uv": [4, 4, 6, 6], "texture": "#2"},
				"west": {"uv": [0, 6, 2, 8], "texture": "#2"},
				"up": {"uv": [8, 2, 6, 0], "texture": "#2"},
				"down": {"uv": [4, 6, 2, 8], "texture": "#2"}
			}
		},
		{
			"from": [3.75, 4, 5],
			"to": [5.75, 6, 7],
			"faces": {
				"north": {"uv": [0, 0, 2, 2], "texture": "#2"},
				"east": {"uv": [0, 2, 2, 4], "texture": "#2"},
				"south": {"uv": [2, 0, 4, 2], "texture": "#2"},
				"west": {"uv": [2, 2, 4, 4], "texture": "#2"},
				"up": {"uv": [2, 6, 0, 4], "texture": "#2"},
				"down": {"uv": [6, 0, 4, 2], "texture": "#2"}
			}
		},
		{
			"from": [7.5, 4.5, 4.75],
			"to": [8.5, 5.25, 5],
			"faces": {
				"north": {"uv": [0, 0, 1, 1], "texture": "#3"},
				"east": {"uv": [0, 1, 1, 2], "texture": "#3"},
				"south": {"uv": [1, 0, 2, 1], "texture": "#3"},
				"west": {"uv": [1, 1, 2, 2], "texture": "#3"},
				"up": {"uv": [1, 3, 0, 2], "texture": "#3"},
				"down": {"uv": [3, 0, 2, 1], "texture": "#3"}
			}
		},
		{
			"from": [4.5, 4.5, 4.75],
			"to": [5.5, 5.25, 5],
			"faces": {
				"north": {"uv": [1, 2, 2, 3], "texture": "#3"},
				"east": {"uv": [2, 1, 3, 2], "texture": "#3"},
				"south": {"uv": [2, 2, 3, 3], "texture": "#3"},
				"west": {"uv": [0, 3, 1, 4], "texture": "#3"},
				"up": {"uv": [4, 1, 3, 0], "texture": "#3"},
				"down": {"uv": [2, 3, 1, 4], "texture": "#3"}
			}
		},
		{
			"from": [8.75, 4.75, 7],
			"to": [9.5, 5.25, 12.75],
			"faces": {
				"north": {"uv": [3, 1, 4, 2], "texture": "#0"},
				"east": {"uv": [0, 0, 3, 1], "texture": "#0"},
				"south": {"uv": [4, 1, 5, 2], "texture": "#0"},
				"west": {"uv": [0, 1, 3, 2], "texture": "#0"},
				"up": {"uv": [1, 5, 0, 2], "texture": "#0"},
				"down": {"uv": [2, 2, 1, 5], "texture": "#0"}
			}
		},
		{
			"from": [3.25, 4.75, 7],
			"to": [4, 5.25, 12.75],
			"faces": {
				"north": {"uv": [4, 3, 5, 4], "texture": "#0"},
				"east": {"uv": [2, 2, 5, 3], "texture": "#0"},
				"south": {"uv": [4, 4, 5, 5], "texture": "#0"},
				"west": {"uv": [3, 0, 6, 1], "texture": "#0"},
				"up": {"uv": [3, 6, 2, 3], "texture": "#0"},
				"down": {"uv": [4, 3, 3, 6], "texture": "#0"}
			}
		},
		{
			"from": [3.5, 4.75, 12.75],
			"to": [9.25, 5.25, 13.5],
			"faces": {
				"north": {"uv": [2, 2, 5, 3], "texture": "#0"},
				"east": {"uv": [4, 4, 5, 5], "texture": "#0"},
				"south": {"uv": [3, 0, 6, 1], "texture": "#0"},
				"west": {"uv": [4, 3, 5, 4], "texture": "#0"},
				"up": {"uv": [3, 6, 2, 3], "rotation": 270, "texture": "#0"},
				"down": {"uv": [4, 3, 3, 6], "rotation": 90, "texture": "#0"}
			}
		}
	],
	"display": {
		"thirdperson_righthand": {
			"translation": [2.5, 0, 0]
		},
		"thirdperson_lefthand": {
			"translation": [-2, 0, 0]
		},
		"firstperson_righthand": {
			"translation": [6.5, 7.5, 5.25]
		},
		"firstperson_lefthand": {
			"translation": [-4, 8.5, 7.5]
		},
		"ground": {
			"translation": [0, 3.75, 0]
		},
		"gui": {
			"rotation": [-180, 0, -180],
			"translation": [-2.75, 7, 0],
			"scale": [1.86, 1.86, 1.86]
		},
		"head": {
			"translation": [5, 8.75, -6],
			"scale": [3, 3, 3]
		},
		"fixed": {
			"translation": [2.75, 8.5, 1.25],
			"scale": [2, 2, 2]
		}
	},
	"groups": [
		0,
		1,
		{
			"name": "Eyes",
			"origin": [8, 8, 8],
			"color": 0,
			"children": [2, 3, 4, 5]
		},
		{
			"name": "strings",
			"origin": [0, 0, 0],
			"color": 0,
			"children": [6, 7, 8]
		}
	]
}