{
    "parent": "minecraft:item/handheld",
    "textures": {
        "layer0": "minecraft:item/netherite_sword"
    },
    "overrides": [
        {
            "predicate": {
                "custom_model_data": 1
            },
            "model": "minecraft:item/god_sword"
        },

        
        {
            "predicate": {
                "custom_model_data": 2
            },
            "model": "minecraft:item/giga_sword"
        },

        {
            "predicate": {
                "custom_model_data": 69
            },
            "model": "minecraft:item/dragon_blade"
        },
        {
        "predicate": {
              "custom_model_data": 120
        },
        "model": "minecraft:item/emerald_blade"
        },
        {
            "predicate": {
                  "custom_model_data": 240
            },
            "model": "minecraft:item/frozen_dagger"
            },
            {
                "predicate": {
                      "custom_model_data": 241
                },
                "model": "minecraft:item/void_saber"
                },
                {
                    "predicate": {
                          "custom_model_data": 242
                    },
                    "model": "minecraft:item/jedi_saber"
                    },
                    {
                        "predicate": {
                              "custom_model_data": 243
                        },
                        "model": "minecraft:item/cobra_blade"
                        }
        
    
    ]
}