{
    "parent": "minecraft:item/handheld",
    "textures": {
        "layer0": "minecraft:item/netherite_axe"
    },
    "overrides": [
        {
            "predicate": {
                "custom_model_data": 1
            },
            "model": "minecraft:item/battle_axe"
        },
        {
            "predicate": {
                "custom_model_data": 2
            },
            "model": "minecraft:item/lava_hammer"
        },
        
        {
            "predicate": {
                "custom_model_data": 3
            },
            "model": "minecraft:item/judge_hammer"
        },

        {
            "predicate": {
                "custom_model_data": 4
            },
            "model": "minecraft:item/guitar"

        }
    ]
}