{
	"credit": "Made with Blockbench",
	"ambientocclusion": false,
	"texture_size": [64, 64],
	"textures": {
		"0": "item/gem_for_crown",
		"1": "item/gold_pillar_texture",
		"2": "item/felt_for_crown",
		"3": "item/gold_for_base_texture",
		"particle": "item/gem_for_crown"
	},
	"elements": [
		{
			"from": [0, 0, 2],
			"to": [1, 6, 14],
			"faces": {
				"north": {"uv": [3.75, 6, 4, 7.5], "texture": "#3"},
				"east": {"uv": [0, 0, 3, 1.5], "texture": "#3"},
				"south": {"uv": [6, 3.75, 6.25, 5.25], "texture": "#3"},
				"west": {"uv": [0, 1.5, 3, 3], "texture": "#3"},
				"up": {"uv": [0.25, 9, 0, 6], "texture": "#3"},
				"down": {"uv": [6.25, 0, 6, 3], "texture": "#3"}
			}
		},
		{
			"from": [15, 0, 2],
			"to": [16, 6, 14],
			"faces": {
				"north": {"uv": [4, 6, 4.25, 7.5], "texture": "#3"},
				"east": {"uv": [0, 3, 3, 4.5], "texture": "#3"},
				"south": {"uv": [4.25, 6, 4.5, 7.5], "texture": "#3"},
				"west": {"uv": [3, 0, 6, 1.5], "texture": "#3"},
				"up": {"uv": [0.5, 9, 0.25, 6], "texture": "#3"},
				"down": {"uv": [0.75, 6, 0.5, 9], "texture": "#3"}
			}
		},
		{
			"from": [2, 0, 0],
			"to": [14, 6, 1],
			"faces": {
				"north": {"uv": [3, 1.5, 6, 3], "texture": "#3"},
				"east": {"uv": [4.5, 6, 4.75, 7.5], "texture": "#3"},
				"south": {"uv": [3, 3, 6, 4.5], "texture": "#3"},
				"west": {"uv": [4.75, 6, 5, 7.5], "texture": "#3"},
				"up": {"uv": [3.75, 6.25, 0.75, 6], "texture": "#3"},
				"down": {"uv": [9, 3, 6, 3.25], "texture": "#3"}
			}
		},
		{
			"from": [2, 0, 15],
			"to": [14, 6, 16],
			"faces": {
				"north": {"uv": [0, 4.5, 3, 6], "texture": "#3"},
				"east": {"uv": [5, 6, 5.25, 7.5], "texture": "#3"},
				"south": {"uv": [3, 4.5, 6, 6], "texture": "#3"},
				"west": {"uv": [5.25, 6, 5.5, 7.5], "texture": "#3"},
				"up": {"uv": [9, 3.5, 6, 3.25], "texture": "#3"},
				"down": {"uv": [9, 3.5, 6, 3.75], "texture": "#3"}
			}
		},
		{
			"from": [1, 0, 1],
			"to": [2, 6, 2],
			"faces": {
				"north": {"uv": [6, 5.25, 6.25, 6.75], "texture": "#3"},
				"east": {"uv": [5.5, 6, 5.75, 7.5], "texture": "#3"},
				"south": {"uv": [5.75, 6, 6, 7.5], "texture": "#3"},
				"west": {"uv": [6.25, 0, 6.5, 1.5], "texture": "#3"},
				"up": {"uv": [3.75, 6.5, 3.5, 6.25], "texture": "#3"},
				"down": {"uv": [6.5, 3.75, 6.25, 4], "texture": "#3"}
			}
		},
		{
			"from": [14, 0, 1],
			"to": [15, 6, 2],
			"faces": {
				"north": {"uv": [0.75, 6.25, 1, 7.75], "texture": "#3"},
				"east": {"uv": [1, 6.25, 1.25, 7.75], "texture": "#3"},
				"south": {"uv": [1.25, 6.25, 1.5, 7.75], "texture": "#3"},
				"west": {"uv": [1.5, 6.25, 1.75, 7.75], "texture": "#3"},
				"up": {"uv": [6.5, 4.25, 6.25, 4], "texture": "#3"},
				"down": {"uv": [6.5, 4.25, 6.25, 4.5], "texture": "#3"}
			}
		},
		{
			"from": [14, 0, 14],
			"to": [15, 6, 15],
			"faces": {
				"north": {"uv": [6.25, 1.5, 6.5, 3], "texture": "#3"},
				"east": {"uv": [1.75, 6.25, 2, 7.75], "texture": "#3"},
				"south": {"uv": [2, 6.25, 2.25, 7.75], "texture": "#3"},
				"west": {"uv": [2.25, 6.25, 2.5, 7.75], "texture": "#3"},
				"up": {"uv": [6.5, 4.75, 6.25, 4.5], "texture": "#3"},
				"down": {"uv": [6.5, 4.75, 6.25, 5], "texture": "#3"}
			}
		},
		{
			"from": [1, 0, 14],
			"to": [2, 6, 15],
			"faces": {
				"north": {"uv": [2.5, 6.25, 2.75, 7.75], "texture": "#3"},
				"east": {"uv": [2.75, 6.25, 3, 7.75], "texture": "#3"},
				"south": {"uv": [3, 6.25, 3.25, 7.75], "texture": "#3"},
				"west": {"uv": [3.25, 6.25, 3.5, 7.75], "texture": "#3"},
				"up": {"uv": [6.5, 5.25, 6.25, 5], "texture": "#3"},
				"down": {"uv": [6.5, 5.25, 6.25, 5.5], "texture": "#3"}
			}
		},
		{
			"from": [2, 0.25, 1],
			"to": [14, 4, 15],
			"faces": {
				"north": {"uv": [0, 6.875, 1.5, 7.375], "texture": "#2"},
				"east": {"uv": [6.25, 5.875, 8, 6.375], "texture": "#2"},
				"south": {"uv": [1.5, 6.875, 3, 7.375], "texture": "#2"},
				"west": {"uv": [0, 6.375, 1.75, 6.875], "texture": "#2"},
				"up": {"uv": [4.5, 1.75, 3, 0], "texture": "#2"},
				"down": {"uv": [4.5, 1.75, 3, 3.5], "texture": "#2"}
			}
		},
		{
			"from": [1, 0.25, 2],
			"to": [15, 4, 14],
			"faces": {
				"north": {"uv": [1.75, 6.375, 3.5, 6.875], "texture": "#2"},
				"east": {"uv": [6.25, 6.875, 7.75, 7.375], "texture": "#2"},
				"south": {"uv": [6.25, 6.375, 8, 6.875], "texture": "#2"},
				"west": {"uv": [7.25, 1.25, 8.75, 1.75], "texture": "#2"},
				"up": {"uv": [4.75, 5, 3, 3.5], "texture": "#2"},
				"down": {"uv": [6.25, 0, 4.5, 1.5], "texture": "#2"}
			}
		},
		{
			"from": [2, 0, 2],
			"to": [14, 20, 14],
			"faces": {
				"north": {"uv": [0, 0, 1.5, 2.5], "texture": "#2"},
				"east": {"uv": [1.5, 0, 3, 2.5], "texture": "#2"},
				"south": {"uv": [0, 2.5, 1.5, 5], "texture": "#2"},
				"west": {"uv": [1.5, 2.5, 3, 5], "texture": "#2"},
				"up": {"uv": [6, 3, 4.5, 1.5], "texture": "#2"},
				"down": {"uv": [6.25, 3, 4.75, 4.5], "texture": "#2"}
			}
		},
		{
			"from": [3, 19, 3],
			"to": [13, 22, 13],
			"faces": {
				"north": {"uv": [6.25, 4.125, 7.5, 4.5], "texture": "#2"},
				"east": {"uv": [7.25, 1.75, 8.5, 2.125], "texture": "#2"},
				"south": {"uv": [7.25, 2.125, 8.5, 2.5], "texture": "#2"},
				"west": {"uv": [7.25, 2.5, 8.5, 2.875], "texture": "#2"},
				"up": {"uv": [7.5, 1.25, 6.25, 0], "texture": "#2"},
				"down": {"uv": [7.5, 2.875, 6.25, 4.125], "texture": "#2"}
			}
		},
		{
			"from": [3, 7, 1],
			"to": [13, 18, 2],
			"faces": {
				"north": {"uv": [4.75, 4.5, 6, 5.875], "texture": "#2"},
				"east": {"uv": [3.5, 6.375, 3.625, 7.75], "texture": "#2"},
				"south": {"uv": [0, 5, 1.25, 6.375], "texture": "#2"},
				"west": {"uv": [3.625, 6.375, 3.75, 7.75], "texture": "#2"},
				"up": {"uv": [5.25, 7.375, 4, 7.25], "texture": "#2"},
				"down": {"uv": [8.5, 4.5, 7.25, 4.625], "texture": "#2"}
			}
		},
		{
			"from": [3, 7, 14],
			"to": [13, 18, 15],
			"faces": {
				"north": {"uv": [1.25, 5, 2.5, 6.375], "texture": "#2"},
				"east": {"uv": [3, 6.875, 3.125, 8.25], "texture": "#2"},
				"south": {"uv": [2.5, 5, 3.75, 6.375], "texture": "#2"},
				"west": {"uv": [3.125, 6.875, 3.25, 8.25], "texture": "#2"},
				"up": {"uv": [8.5, 4.75, 7.25, 4.625], "texture": "#2"},
				"down": {"uv": [8.5, 4.75, 7.25, 4.875], "texture": "#2"}
			}
		},
		{
			"from": [14, 7, 3],
			"to": [15, 18, 13],
			"faces": {
				"north": {"uv": [3.25, 6.875, 3.375, 8.25], "texture": "#2"},
				"east": {"uv": [3.75, 5.875, 5, 7.25], "texture": "#2"},
				"south": {"uv": [3.375, 6.875, 3.5, 8.25], "texture": "#2"},
				"west": {"uv": [5, 5.875, 6.25, 7.25], "texture": "#2"},
				"up": {"uv": [5.375, 8.5, 5.25, 7.25], "texture": "#2"},
				"down": {"uv": [5.5, 7.25, 5.375, 8.5], "texture": "#2"}
			}
		},
		{
			"from": [1, 7, 3],
			"to": [2, 18, 13],
			"faces": {
				"north": {"uv": [3.75, 7.25, 3.875, 8.625], "texture": "#2"},
				"east": {"uv": [6, 1.5, 7.25, 2.875], "texture": "#2"},
				"south": {"uv": [3.875, 7.25, 4, 8.625], "texture": "#2"},
				"west": {"uv": [6, 4.5, 7.25, 5.875], "texture": "#2"},
				"up": {"uv": [5.625, 8.5, 5.5, 7.25], "texture": "#2"},
				"down": {"uv": [5.75, 7.25, 5.625, 8.5], "texture": "#2"}
			}
		},
		{
			"from": [5.5, 6, 0.25],
			"to": [10.5, 7, 0.75],
			"faces": {
				"north": {"uv": [0, 4, 2.5, 4.5], "texture": "#1"},
				"east": {"uv": [6, 5, 6.5, 5.5], "texture": "#1"},
				"south": {"uv": [2.5, 4, 5, 4.5], "texture": "#1"},
				"west": {"uv": [6.5, 5, 7, 5.5], "texture": "#1"},
				"up": {"uv": [2.5, 5, 0, 4.5], "texture": "#1"},
				"down": {"uv": [7, 0, 4.5, 0.5], "texture": "#1"}
			}
		},
		{
			"from": [5.5, 12, 0.25],
			"to": [10.5, 13, 0.75],
			"faces": {
				"north": {"uv": [4.5, 0.5, 7, 1], "texture": "#1"},
				"east": {"uv": [7, 2, 7.5, 2.5], "texture": "#1"},
				"south": {"uv": [4.5, 1, 7, 1.5], "texture": "#1"},
				"west": {"uv": [8, 1, 8.5, 1.5], "texture": "#1"},
				"up": {"uv": [7, 2, 4.5, 1.5], "texture": "#1"},
				"down": {"uv": [7, 2, 4.5, 2.5], "texture": "#1"}
			}
		},
		{
			"from": [10, 7, 0.25],
			"to": [11, 12, 0.75],
			"faces": {
				"north": {"uv": [2.5, 4.5, 3, 7], "texture": "#1"},
				"east": {"uv": [3, 4.5, 3.5, 7], "texture": "#1"},
				"south": {"uv": [3.5, 4.5, 4, 7], "texture": "#1"},
				"west": {"uv": [4, 4.5, 4.5, 7], "texture": "#1"},
				"up": {"uv": [8.5, 2, 8, 1.5], "texture": "#1"},
				"down": {"uv": [8.5, 2, 8, 2.5], "texture": "#1"}
			}
		},
		{
			"from": [5, 7, 0.25],
			"to": [6, 12, 0.75],
			"faces": {
				"north": {"uv": [4.5, 4.5, 5, 7], "texture": "#1"},
				"east": {"uv": [0, 5, 0.5, 7.5], "texture": "#1"},
				"south": {"uv": [0.5, 5, 1, 7.5], "texture": "#1"},
				"west": {"uv": [1, 5, 1.5, 7.5], "texture": "#1"},
				"up": {"uv": [3, 8.5, 2.5, 8], "texture": "#1"},
				"down": {"uv": [8.5, 2.5, 8, 3], "texture": "#1"}
			}
		},
		{
			"from": [6.5, 7.5, 0.125],
			"to": [9.5, 11.5, 0.875],
			"faces": {
				"north": {"uv": [0, 0, 3, 4], "texture": "#0"},
				"east": {"uv": [6, 0, 7, 4], "texture": "#0"},
				"south": {"uv": [3, 0, 6, 4], "texture": "#0"},
				"west": {"uv": [0, 7, 1, 11], "texture": "#0"},
				"up": {"uv": [10, 2, 7, 1], "texture": "#0"},
				"down": {"uv": [10, 2, 7, 3], "texture": "#0"}
			}
		},
		{
			"from": [6, 8, 0],
			"to": [10, 11, 1],
			"faces": {
				"north": {"uv": [0, 4, 4, 7], "texture": "#0"},
				"east": {"uv": [5, 7, 6, 10], "texture": "#0"},
				"south": {"uv": [4, 4, 8, 7], "texture": "#0"},
				"west": {"uv": [6, 7, 7, 10], "texture": "#0"},
				"up": {"uv": [11, 1, 7, 0], "texture": "#0"},
				"down": {"uv": [5, 7, 1, 8], "texture": "#0"}
			}
		},
		{
			"from": [0, 6, 10],
			"to": [1, 8, 13],
			"faces": {
				"north": {"uv": [6, 4, 6.5, 5], "texture": "#1"},
				"east": {"uv": [0, 0, 1.5, 1], "texture": "#1"},
				"south": {"uv": [5.5, 6, 6, 7], "texture": "#1"},
				"west": {"uv": [0, 1, 1.5, 2], "texture": "#1"},
				"up": {"uv": [5, 4, 4.5, 2.5], "texture": "#1"},
				"down": {"uv": [2, 5, 1.5, 6.5], "texture": "#1"}
			}
		},
		{
			"from": [0, 8, 11],
			"to": [1, 10, 12],
			"faces": {
				"north": {"uv": [6, 6, 6.5, 7], "texture": "#1"},
				"east": {"uv": [1.5, 6.5, 2, 7.5], "texture": "#1"},
				"south": {"uv": [2, 6.5, 2.5, 7.5], "texture": "#1"},
				"west": {"uv": [6.5, 4, 7, 5], "texture": "#1"},
				"up": {"uv": [3.5, 8.5, 3, 8], "texture": "#1"},
				"down": {"uv": [8.5, 3, 8, 3.5], "texture": "#1"}
			}
		},
		{
			"from": [0, 6, 3],
			"to": [1, 8, 6],
			"faces": {
				"north": {"uv": [6.5, 6, 7, 7], "texture": "#1"},
				"east": {"uv": [1.5, 0, 3, 1], "texture": "#1"},
				"south": {"uv": [7, 0, 7.5, 1], "texture": "#1"},
				"west": {"uv": [1.5, 1, 3, 2], "texture": "#1"},
				"up": {"uv": [2.5, 6.5, 2, 5], "texture": "#1"},
				"down": {"uv": [5.5, 2.5, 5, 4], "texture": "#1"}
			}
		},
		{
			"from": [0, 8, 4],
			"to": [1, 10, 5],
			"faces": {
				"north": {"uv": [7, 1, 7.5, 2], "texture": "#1"},
				"east": {"uv": [2.5, 7, 3, 8], "texture": "#1"},
				"south": {"uv": [3, 7, 3.5, 8], "texture": "#1"},
				"west": {"uv": [3.5, 7, 4, 8], "texture": "#1"},
				"up": {"uv": [4, 8.5, 3.5, 8], "texture": "#1"},
				"down": {"uv": [8.5, 3.5, 8, 4], "texture": "#1"}
			}
		},
		{
			"from": [15, 6, 10],
			"to": [16, 8, 13],
			"faces": {
				"north": {"uv": [4, 7, 4.5, 8], "texture": "#1"},
				"east": {"uv": [0, 2, 1.5, 3], "texture": "#1"},
				"south": {"uv": [7, 4, 7.5, 5], "texture": "#1"},
				"west": {"uv": [1.5, 2, 3, 3], "texture": "#1"},
				"up": {"uv": [5.5, 5.5, 5, 4], "texture": "#1"},
				"down": {"uv": [6, 2.5, 5.5, 4], "texture": "#1"}
			}
		},
		{
			"from": [15, 8, 11],
			"to": [16, 10, 12],
			"faces": {
				"north": {"uv": [4.5, 7, 5, 8], "texture": "#1"},
				"east": {"uv": [5, 7, 5.5, 8], "texture": "#1"},
				"south": {"uv": [7, 5, 7.5, 6], "texture": "#1"},
				"west": {"uv": [5.5, 7, 6, 8], "texture": "#1"},
				"up": {"uv": [4.5, 8.5, 4, 8], "texture": "#1"},
				"down": {"uv": [8.5, 4, 8, 4.5], "texture": "#1"}
			}
		},
		{
			"from": [15, 6, 3],
			"to": [16, 8, 6],
			"faces": {
				"north": {"uv": [6, 7, 6.5, 8], "texture": "#1"},
				"east": {"uv": [0, 3, 1.5, 4], "texture": "#1"},
				"south": {"uv": [7, 6, 7.5, 7], "texture": "#1"},
				"west": {"uv": [3, 0, 4.5, 1], "texture": "#1"},
				"up": {"uv": [6, 5.5, 5.5, 4], "texture": "#1"},
				"down": {"uv": [5.5, 5.5, 5, 7], "texture": "#1"}
			}
		},
		{
			"from": [15, 8, 4],
			"to": [16, 10, 5],
			"faces": {
				"north": {"uv": [6.5, 7, 7, 8], "texture": "#1"},
				"east": {"uv": [7, 7, 7.5, 8], "texture": "#1"},
				"south": {"uv": [0, 7.5, 0.5, 8.5], "texture": "#1"},
				"west": {"uv": [7.5, 0, 8, 1], "texture": "#1"},
				"up": {"uv": [5, 8.5, 4.5, 8], "texture": "#1"},
				"down": {"uv": [8.5, 4.5, 8, 5], "texture": "#1"}
			}
		},
		{
			"from": [3, 6, 15],
			"to": [6, 8, 16],
			"faces": {
				"north": {"uv": [3, 1, 4.5, 2], "texture": "#1"},
				"east": {"uv": [0.5, 7.5, 1, 8.5], "texture": "#1"},
				"south": {"uv": [1.5, 3, 3, 4], "texture": "#1"},
				"west": {"uv": [1, 7.5, 1.5, 8.5], "texture": "#1"},
				"up": {"uv": [7, 6, 5.5, 5.5], "texture": "#1"},
				"down": {"uv": [7.5, 2.5, 6, 3], "texture": "#1"}
			}
		},
		{
			"from": [4, 8, 15],
			"to": [5, 10, 16],
			"faces": {
				"north": {"uv": [7.5, 1, 8, 2], "texture": "#1"},
				"east": {"uv": [1.5, 7.5, 2, 8.5], "texture": "#1"},
				"south": {"uv": [2, 7.5, 2.5, 8.5], "texture": "#1"},
				"west": {"uv": [7.5, 2, 8, 3], "texture": "#1"},
				"up": {"uv": [5.5, 8.5, 5, 8], "texture": "#1"},
				"down": {"uv": [8.5, 5, 8, 5.5], "texture": "#1"}
			}
		},
		{
			"from": [10, 6, 15],
			"to": [13, 8, 16],
			"faces": {
				"north": {"uv": [3, 2, 4.5, 3], "texture": "#1"},
				"east": {"uv": [7.5, 3, 8, 4], "texture": "#1"},
				"south": {"uv": [3, 3, 4.5, 4], "texture": "#1"},
				"west": {"uv": [7.5, 4, 8, 5], "texture": "#1"},
				"up": {"uv": [7.5, 3.5, 6, 3], "texture": "#1"},
				"down": {"uv": [7.5, 3.5, 6, 4], "texture": "#1"}
			}
		},
		{
			"from": [11, 8, 15],
			"to": [12, 10, 16],
			"faces": {
				"north": {"uv": [7.5, 5, 8, 6], "texture": "#1"},
				"east": {"uv": [7.5, 6, 8, 7], "texture": "#1"},
				"south": {"uv": [7.5, 7, 8, 8], "texture": "#1"},
				"west": {"uv": [8, 0, 8.5, 1], "texture": "#1"},
				"up": {"uv": [6, 8.5, 5.5, 8], "texture": "#1"},
				"down": {"uv": [8.5, 5.5, 8, 6], "texture": "#1"}
			}
		}
	],
	"display": {
		"thirdperson_righthand": {
			"scale": [0.6, 0.6, 0.6]
		},
		"thirdperson_lefthand": {
			"scale": [0.6, 0.6, 0.6]
		},
		"firstperson_righthand": {
			"rotation": [0, 108, 0],
			"translation": [0, 2, 0],
			"scale": [0.5, 0.5, 0.5]
		},
		"firstperson_lefthand": {
			"translation": [18.5, 0, 0]
		},
		"ground": {
			"translation": [0, 6.25, 0],
			"scale": [1.5, 1.5, 1.5]
		},
		"gui": {
			"rotation": [0, 149, 0],
			"translation": [0, -2, 0],
			"scale": [0.8, 0.8, 0.81]
		},
		"head": {
			"translation": [0, 15.25, 0]
		},
		"fixed": {
			"translation": [0, -2.5, -6.25]
		}
	},
	"groups": [
		{
			"name": "base",
			"origin": [0, 0, 0],
			"color": 0,
			"children": [
				{
					"name": "big",
					"origin": [0, 0, 0],
					"color": 0,
					"children": [0, 1, 2, 3]
				},
				{
					"name": "corners",
					"origin": [0, 0, 0],
					"color": 0,
					"children": [4, 5, 6, 7]
				}
			]
		},
		{
			"name": "felt",
			"origin": [8, 8, 8],
			"color": 0,
			"children": [8, 9, 10, 11, 12, 13, 14, 15]
		},
		{
			"name": "pillars",
			"origin": [8, 8, 8],
			"color": 0,
			"children": [
				{
					"name": "diamond",
					"origin": [8, 8, 8],
					"color": 0,
					"children": [
						16,
						17,
						18,
						19,
						{
							"name": "gem",
							"origin": [8, 8, 8],
							"color": 0,
							"children": [20, 21]
						}
					]
				},
				22,
				23,
				24,
				25,
				26,
				27,
				28,
				29,
				30,
				31,
				32,
				33
			]
		}
	]
}