{
	"credit": "Made with Blockbench",
	"texture_size": [32, 32],
	"textures": {
		"0": "item/tophat_gold_texture",
		"1": "item/tophat_texture_black",
		"particle": "item/tophat_gold_texture"
	},
	"elements": [
		{
			"name": "top",
			"from": [5.3, 19.5, 10.6],
			"to": [10.2, 25, 15.1],
			"faces": {
				"north": {"uv": [3.5, 0, 6, 3], "texture": "#1"},
				"east": {"uv": [0, 6, 2, 9], "texture": "#1"},
				"south": {"uv": [3.5, 3, 6, 6], "texture": "#1"},
				"west": {"uv": [6, 0, 8, 3], "texture": "#1"},
				"up": {"uv": [4.5, 8, 2, 6], "texture": "#1"},
				"down": {"uv": [8.5, 3, 6, 5], "texture": "#1"}
			}
		},
		{
			"from": [6.1, 23.65, 14.9],
			"to": [7.2, 24.35, 15.3],
			"faces": {
				"north": {"uv": [3, 0, 4, 1], "texture": "#0"},
				"east": {"uv": [3, 1, 4, 2], "texture": "#0"},
				"south": {"uv": [3, 2, 4, 3], "texture": "#0"},
				"west": {"uv": [3, 3, 4, 4], "texture": "#0"},
				"up": {"uv": [1, 5, 0, 4], "texture": "#0"},
				"down": {"uv": [5, 0, 4, 1], "texture": "#0"}
			}
		},
		{
			"from": [6.3, 19.65, 14.9],
			"to": [8.8, 20.35, 15.3],
			"faces": {
				"north": {"uv": [0, 0, 3, 1], "texture": "#0"},
				"east": {"uv": [1, 4, 2, 5], "texture": "#0"},
				"south": {"uv": [0, 1, 3, 2], "texture": "#0"},
				"west": {"uv": [4, 1, 5, 2], "texture": "#0"},
				"up": {"uv": [3, 3, 0, 2], "texture": "#0"},
				"down": {"uv": [3, 3, 0, 4], "texture": "#0"}
			}
		},
		{
			"from": [6.3, 20.35, 14.9],
			"to": [7.4, 21.15, 15.3],
			"faces": {
				"north": {"uv": [2, 4, 3, 5], "texture": "#0"},
				"east": {"uv": [4, 2, 5, 3], "texture": "#0"},
				"south": {"uv": [3, 4, 4, 5], "texture": "#0"},
				"west": {"uv": [4, 3, 5, 4], "texture": "#0"},
				"up": {"uv": [5, 5, 4, 4], "texture": "#0"},
				"down": {"uv": [1, 5, 0, 6], "texture": "#0"}
			}
		},
		{
			"from": [6.9, 21.05, 14.9],
			"to": [8, 21.95, 15.3],
			"faces": {
				"north": {"uv": [5, 0, 6, 1], "texture": "#0"},
				"east": {"uv": [1, 5, 2, 6], "texture": "#0"},
				"south": {"uv": [5, 1, 6, 2], "texture": "#0"},
				"west": {"uv": [2, 5, 3, 6], "texture": "#0"},
				"up": {"uv": [6, 3, 5, 2], "texture": "#0"},
				"down": {"uv": [4, 5, 3, 6], "texture": "#0"}
			}
		},
		{
			"from": [7.9, 21.95, 14.9],
			"to": [8.7, 22.75, 15.3],
			"faces": {
				"north": {"uv": [5, 3, 6, 4], "texture": "#0"},
				"east": {"uv": [4, 5, 5, 6], "texture": "#0"},
				"south": {"uv": [5, 4, 6, 5], "texture": "#0"},
				"west": {"uv": [5, 5, 6, 6], "texture": "#0"},
				"up": {"uv": [1, 7, 0, 6], "texture": "#0"},
				"down": {"uv": [7, 0, 6, 1], "texture": "#0"}
			}
		},
		{
			"from": [7.9, 22.65, 14.9],
			"to": [8.7, 23.65, 15.3],
			"faces": {
				"north": {"uv": [1, 6, 2, 7], "texture": "#0"},
				"east": {"uv": [6, 1, 7, 2], "texture": "#0"},
				"south": {"uv": [2, 6, 3, 7], "texture": "#0"},
				"west": {"uv": [6, 2, 7, 3], "texture": "#0"},
				"up": {"uv": [4, 7, 3, 6], "texture": "#0"},
				"down": {"uv": [7, 3, 6, 4], "texture": "#0"}
			}
		},
		{
			"from": [7.2, 23.65, 14.9],
			"to": [8.2, 24.35, 15.3],
			"faces": {
				"north": {"uv": [4, 6, 5, 7], "texture": "#0"},
				"east": {"uv": [6, 4, 7, 5], "texture": "#0"},
				"south": {"uv": [5, 6, 6, 7], "texture": "#0"},
				"west": {"uv": [6, 5, 7, 6], "texture": "#0"},
				"up": {"uv": [7, 7, 6, 6], "texture": "#0"},
				"down": {"uv": [1, 7, 0, 8], "texture": "#0"}
			}
		},
		{
			"name": "bottom",
			"from": [4.3, 19, 9.3],
			"to": [11.2, 19.5, 16.5],
			"faces": {
				"north": {"uv": [4.5, 6, 8, 6.5], "texture": "#1"},
				"east": {"uv": [6, 5.5, 9, 6], "texture": "#1"},
				"south": {"uv": [6, 5, 9.5, 5.5], "texture": "#1"},
				"west": {"uv": [4.5, 6.5, 7.5, 7], "texture": "#1"},
				"up": {"uv": [3.5, 3, 0, 0], "texture": "#1"},
				"down": {"uv": [3.5, 3, 0, 6], "texture": "#1"}
			}
		}
	],
	"display": {
		"thirdperson_righthand": {
			"translation": [0.25, -10.75, -5.5]
		},
		"thirdperson_lefthand": {
			"translation": [-12, -11.25, -5]
		},
		"firstperson_righthand": {
			"rotation": [0, 0, 2],
			"translation": [0, -5.75, 0]
		},
		"firstperson_lefthand": {
			"translation": [-4.75, -5.5, 0]
		},
		"ground": {
			"translation": [0, -15.25, -5]
		},
		"gui": {
			"translation": [0, -16.5, 0],
			"scale": [1.88086, 1.23828, 1]
		},
		"head": {
			"rotation": [-180, 4.25, -177],
			"translation": [0, -4.5, 5.5]
		},
		"fixed": {
			"rotation": [-180, -0.5, -180],
			"translation": [-0.75, -27.5, 4.75],
			"scale": [1.87891, 1.82031, 1]
		}
	},
	"groups": [
		0,
		{
			"name": "group",
			"origin": [0, 0, 0],
			"color": 0,
			"children": [1, 2, 3, 4, 5, 6, 7]
		},
		8
	]
}