{
	"credit": "Made with Blockbench",
	"texture_size": [32, 32],
	"textures": {
		"0": "item/wooden_handle_spanker",
		"1": "item/blue_outer_ring_spanker",
		"2": "item/net_texture_spanker",
		"particle": "item/wooden_handle_spanker"
	},
	"elements": [
		{
			"from": [7, -16, 6],
			"to": [9, 16, 10],
			"faces": {
				"north": {"uv": [8, 0, 9, 16], "texture": "#0"},
				"east": {"uv": [0, 0, 2, 16], "texture": "#0"},
				"south": {"uv": [9, 0, 10, 16], "texture": "#0"},
				"west": {"uv": [2, 0, 4, 16], "texture": "#0"},
				"up": {"uv": [13, 2, 12, 0], "texture": "#0"},
				"down": {"uv": [13, 2, 12, 4], "texture": "#0"}
			}
		},
		{
			"from": [6, -16, 7],
			"to": [10, 16, 9],
			"faces": {
				"north": {"uv": [4, 0, 6, 16], "texture": "#0"},
				"east": {"uv": [10, 0, 11, 16], "texture": "#0"},
				"south": {"uv": [6, 0, 8, 16], "texture": "#0"},
				"west": {"uv": [11, 0, 12, 16], "texture": "#0"},
				"up": {"uv": [14, 5, 12, 4], "texture": "#0"},
				"down": {"uv": [14, 5, 12, 6], "texture": "#0"}
			}
		},
		{
			"from": [6.995, 15, -0.005],
			"to": [9.005, 17, 16.005],
			"faces": {
				"north": {"uv": [2.5, 5, 3, 5.5], "texture": "#1"},
				"east": {"uv": [0.5, 4.5, 4.5, 5], "texture": "#1"},
				"south": {"uv": [5, 2.5, 5.5, 3], "texture": "#1"},
				"west": {"uv": [4.5, 0.5, 8.5, 1], "texture": "#1"},
				"up": {"uv": [5, 5, 4.5, 1], "texture": "#1"},
				"down": {"uv": [1, 5, 0.5, 9], "texture": "#1"}
			}
		},
		{
			"from": [6.995, 29, -0.005],
			"to": [9.005, 31, 16.005],
			"faces": {
				"north": {"uv": [2, 5, 2.5, 5.5], "texture": "#1"},
				"east": {"uv": [0, 4, 4, 4.5], "texture": "#1"},
				"south": {"uv": [5, 2, 5.5, 2.5], "texture": "#1"},
				"west": {"uv": [4, 0, 8, 0.5], "texture": "#1"},
				"up": {"uv": [4.5, 4.5, 4, 0.5], "texture": "#1"},
				"down": {"uv": [0.5, 4.5, 0, 8.5], "texture": "#1"}
			}
		},
		{
			"from": [7.75, 17, 0],
			"to": [8.5, 30, 16],
			"faces": {
				"north": {"uv": [8.5, 0, 9, 6.5], "texture": "#2"},
				"east": {"uv": [0, 0, 8, 6.5], "texture": "#2"},
				"south": {"uv": [8.5, 6.5, 9, 13], "texture": "#2"},
				"west": {"uv": [0, 6.5, 8, 13], "texture": "#2"},
				"up": {"uv": [8.5, 8, 8, 0], "texture": "#2"},
				"down": {"uv": [8.5, 8, 8, 16], "texture": "#2"}
			}
		},
		{
			"from": [7, 15, 14],
			"to": [9, 31, 16],
			"faces": {
				"north": {"uv": [2, 0, 2.5, 4], "texture": "#1"},
				"east": {"uv": [2.5, 0, 3, 4], "texture": "#1"},
				"south": {"uv": [3, 0, 3.5, 4], "texture": "#1"},
				"west": {"uv": [3.5, 0, 4, 4], "texture": "#1"},
				"up": {"uv": [2, 5.5, 1.5, 5], "texture": "#1"},
				"down": {"uv": [5.5, 1.5, 5, 2], "texture": "#1"}
			}
		},
		{
			"from": [7, 15, 0],
			"to": [9, 31, 2],
			"faces": {
				"north": {"uv": [0, 0, 0.5, 4], "texture": "#1"},
				"east": {"uv": [0.5, 0, 1, 4], "texture": "#1"},
				"south": {"uv": [1, 0, 1.5, 4], "texture": "#1"},
				"west": {"uv": [1.5, 0, 2, 4], "texture": "#1"},
				"up": {"uv": [1.5, 5.5, 1, 5], "texture": "#1"},
				"down": {"uv": [5.5, 1, 5, 1.5], "texture": "#1"}
			}
		}
	],
	"display": {
		"thirdperson_righthand": {
			"translation": [0, 15.25, 1.5],
			"scale": [0.8, 0.8, 0.8]
		},
		"thirdperson_lefthand": {
			"translation": [0, 8, 1.5],
			"scale": [0.5, 0.5, 0.5]
		},
		"firstperson_righthand": {
			"rotation": [0, 180, 0],
			"translation": [0, 3.25, 0],
			"scale": [0.5, 0.5, 0.5]
		},
		"ground": {
			"rotation": [100, 0, 0],
			"translation": [0, 7.25, 0]
		},
		"gui": {
			"rotation": [0, 63, 0],
			"scale": [0.4, 0.4, 0.4]
		},
		"head": {
			"rotation": [0, 90, 0],
			"translation": [0, 23, 0]
		},
		"fixed": {
			"rotation": [-25, 90, 0],
			"translation": [0, 13.5, -8.5]
		}
	},
	"groups": [
		{
			"name": "handle",
			"origin": [8, 8, 8],
			"color": 0,
			"children": [0, 1]
		},
		{
			"name": "head",
			"origin": [8, 8, 8],
			"color": 0,
			"children": [2, 3, 4, 5, 6]
		}
	]
}