{
	"credit": "Made with Blockbench",
	"texture_size": [64, 64],
	"textures": {
		"0": "item/top_hat_texture",
		"1": "item/top_hat_skin_texture",
		"2": "item/white_eyes_spirit",
		"3": "item/screen_spirit_texture",
		"4": "item/spirit_tv_base_texture",
		"particle": "item/top_hat_texture"
	},
	"elements": [
		{
			"from": [6.5, 4, -2],
			"to": [9.5, 11, 2],
			"faces": {
				"north": {"uv": [1, 9, 1.75, 10.75], "texture": "#1"},
				"east": {"uv": [8, 8, 9, 9.75], "texture": "#1"},
				"south": {"uv": [1.75, 9, 2.5, 10.75], "texture": "#1"},
				"west": {"uv": [0, 9, 1, 10.75], "texture": "#1"},
				"up": {"uv": [3.25, 10, 2.5, 9], "texture": "#1"},
				"down": {"uv": [4, 9, 3.25, 10], "texture": "#1"}
			}
		},
		{
			"from": [0, 0, 0],
			"to": [16, 18, 16],
			"faces": {
				"north": {"uv": [0, 0, 4, 4.5], "texture": "#1"},
				"east": {"uv": [4, 0, 8, 4.5], "texture": "#1"},
				"south": {"uv": [0, 4.5, 4, 9], "texture": "#1"},
				"west": {"uv": [4, 4.5, 8, 9], "texture": "#1"},
				"up": {"uv": [12, 4, 8, 0], "texture": "#1"},
				"down": {"uv": [12, 4, 8, 8], "texture": "#1"}
			}
		},
		{
			"from": [-2, 18, -3],
			"to": [19, 20, 18],
			"faces": {
				"north": {"uv": [8, 8.5, 13.25, 9], "texture": "#0"},
				"east": {"uv": [5.25, 9, 10.5, 9.5], "texture": "#0"},
				"south": {"uv": [5.25, 9.5, 10.5, 10], "texture": "#0"},
				"west": {"uv": [5.25, 10, 10.5, 10.5], "texture": "#0"},
				"up": {"uv": [5.25, 5.25, 0, 0], "texture": "#0"},
				"down": {"uv": [5.25, 5.25, 0, 10.5], "texture": "#0"}
			}
		},
		{
			"from": [3, 20, 2],
			"to": [14, 32, 13],
			"faces": {
				"north": {"uv": [5.25, 0, 8, 3], "texture": "#0"},
				"east": {"uv": [5.25, 3, 8, 6], "texture": "#0"},
				"south": {"uv": [5.25, 6, 8, 9], "texture": "#0"},
				"west": {"uv": [8, 0, 10.75, 3], "texture": "#0"},
				"up": {"uv": [10.75, 5.75, 8, 3], "texture": "#0"},
				"down": {"uv": [10.75, 5.75, 8, 8.5], "texture": "#0"}
			}
		},
		{
			"from": [12, 11, -0.75],
			"to": [14, 13, 1.25],
			"faces": {
				"north": {"uv": [2, 4, 4, 6], "texture": "#2"},
				"east": {"uv": [4, 2, 6, 4], "texture": "#2"},
				"south": {"uv": [4, 4, 6, 6], "texture": "#2"},
				"west": {"uv": [0, 6, 2, 8], "texture": "#2"},
				"up": {"uv": [8, 2, 6, 0], "texture": "#2"},
				"down": {"uv": [4, 6, 2, 8], "texture": "#2"}
			}
		},
		{
			"from": [2, 11, -0.75],
			"to": [4, 13, 1.25],
			"faces": {
				"north": {"uv": [0, 0, 2, 2], "texture": "#2"},
				"east": {"uv": [0, 2, 2, 4], "texture": "#2"},
				"south": {"uv": [2, 0, 4, 2], "texture": "#2"},
				"west": {"uv": [2, 2, 4, 4], "texture": "#2"},
				"up": {"uv": [2, 6, 0, 4], "texture": "#2"},
				"down": {"uv": [6, 0, 4, 2], "texture": "#2"}
			}
		},
		{
			"from": [-1, -15.99, -2],
			"to": [17, 1, 17],
			"faces": {
				"north": {"uv": [0, 9, 4.5, 13.25], "texture": "#4"},
				"east": {"uv": [0, 4.75, 4.75, 9], "texture": "#4"},
				"south": {"uv": [9, 0, 13.5, 4.25], "texture": "#4"},
				"west": {"uv": [4.75, 4.75, 9.5, 9], "texture": "#4"},
				"up": {"uv": [4.5, 4.75, 0, 0], "texture": "#4"},
				"down": {"uv": [9, 0, 4.5, 4.75], "texture": "#4"}
			}
		},
		{
			"from": [-1.25, -0.75, -3],
			"to": [17.25, 1.25, -1],
			"faces": {
				"north": {"uv": [9.5, 4.75, 14.25, 5.25], "texture": "#4"},
				"east": {"uv": [9.5, 7.75, 10, 8.25], "texture": "#4"},
				"south": {"uv": [9.5, 5.25, 14.25, 5.75], "texture": "#4"},
				"west": {"uv": [9.5, 8.25, 10, 8.75], "texture": "#4"},
				"up": {"uv": [14.25, 6.25, 9.5, 5.75], "texture": "#4"},
				"down": {"uv": [14.25, 6.25, 9.5, 6.75], "texture": "#4"}
			}
		},
		{
			"from": [-1.25, -16, -3],
			"to": [17.25, -14, -1],
			"faces": {
				"north": {"uv": [9, 4.25, 13.75, 4.75], "texture": "#4"},
				"east": {"uv": [9.5, 6.75, 10, 7.25], "texture": "#4"},
				"south": {"uv": [4.5, 9, 9.25, 9.5], "texture": "#4"},
				"west": {"uv": [9.5, 7.25, 10, 7.75], "texture": "#4"},
				"up": {"uv": [14, 9.5, 9.25, 9], "texture": "#4"},
				"down": {"uv": [9.25, 9.5, 4.5, 10], "texture": "#4"}
			}
		},
		{
			"name": "screen",
			"from": [0, -14.25, -2.25],
			"to": [16, -0.5, -1],
			"faces": {
				"north": {"uv": [0, 0, 8, 6.875], "texture": "#3"},
				"east": {"uv": [8, 2, 8.625, 8.875], "texture": "#3"},
				"south": {"uv": [0, 7, 8, 13.875], "texture": "#3"},
				"west": {"uv": [9, 2, 9.625, 8.875], "texture": "#3"},
				"up": {"uv": [16, 0.625, 8, 0], "texture": "#3"},
				"down": {"uv": [16, 1, 8, 1.625], "texture": "#3"}
			}
		}
	],
	"display": {
		"ground": {
			"translation": [0, 17.25, 0]
		},
		"gui": {
			"rotation": [0, 137, 0],
			"scale": [0.5, 0.5, 0.5]
		},
		"head": {
			"translation": [0, -1.75, 0]
		},
		"fixed": {
			"translation": [0, 12, -8.5]
		}
	},
	"groups": [
		0,
		1,
		2,
		3,
		4,
		5,
		{
			"name": "TV",
			"origin": [8, 8, 8],
			"color": 0,
			"children": [6, 7, 8, 9]
		}
	]
}