{
	"credit": "Made with Blockbench",
	"texture_size": [32, 32],
	"textures": {
		"0": "item/foot_texture",
		"1": "item/skin_for_thunder_clapper",
		"2": "item/poop"
	},
	"elements": [
		{
			"from": [1.75, -16, 6.25],
			"to": [9, -14, 12.5],
			"faces": {
				"north": {"uv": [0, 6, 3.5, 7], "texture": "#0"},
				"east": {"uv": [0, 7, 3, 8], "texture": "#0"},
				"south": {"uv": [3.5, 6, 7, 7], "texture": "#0"},
				"west": {"uv": [7, 0, 10, 1], "texture": "#0"},
				"up": {"uv": [3.5, 3, 0, 0], "texture": "#0"},
				"down": {"uv": [3.5, 3, 0, 6], "texture": "#0"}
			}
		},
		{
			"from": [2.5, -14, 6.25],
			"to": [9, -13.5, 12.25],
			"faces": {
				"north": {"uv": [7, 1, 10.5, 1.5], "texture": "#0"},
				"east": {"uv": [7, 2, 10, 2.5], "texture": "#0"},
				"south": {"uv": [7, 1.5, 10.5, 2], "texture": "#0"},
				"west": {"uv": [7, 2.5, 10, 3], "texture": "#0"},
				"up": {"uv": [7, 3, 3.5, 0], "texture": "#0"},
				"down": {"uv": [7, 3, 3.5, 6], "texture": "#0"}
			}
		},
		{
			"from": [9, -8.25, 7.5],
			"to": [10.25, 5, 11],
			"faces": {
				"north": {"uv": [9.5, 2.5, 9.75, 5.75], "texture": "#1"},
				"east": {"uv": [8, 0, 9, 3.25], "texture": "#1"},
				"south": {"uv": [4.5, 9.5, 4.75, 12.75], "texture": "#1"},
				"west": {"uv": [8, 3.25, 9, 6.5], "texture": "#1"},
				"up": {"uv": [9.75, 6.75, 9.5, 5.75], "texture": "#1"},
				"down": {"uv": [6.5, 9.5, 6.25, 10.5], "texture": "#1"}
			}
		},
		{
			"from": [5, -14, 7.5],
			"to": [9, 13, 11],
			"faces": {
				"north": {"uv": [0, 0, 1, 6.75], "texture": "#1"},
				"east": {"uv": [1, 0, 2, 6.75], "texture": "#1"},
				"south": {"uv": [2, 0, 3, 6.75], "texture": "#1"},
				"west": {"uv": [3, 0, 4, 6.75], "texture": "#1"},
				"up": {"uv": [5.5, 9.5, 4.5, 8.5], "texture": "#1"},
				"down": {"uv": [6.5, 8.5, 5.5, 9.5], "texture": "#1"}
			}
		},
		{
			"from": [3.5, 12.25, 6],
			"to": [11, 25, 13.5],
			"faces": {
				"north": {"uv": [4, 0, 6, 3.25], "texture": "#1"},
				"east": {"uv": [4, 3.25, 6, 6.5], "texture": "#1"},
				"south": {"uv": [6, 0, 8, 3.25], "texture": "#1"},
				"west": {"uv": [6, 3.25, 8, 6.5], "texture": "#1"},
				"up": {"uv": [6, 8.5, 4, 6.5], "texture": "#1"},
				"down": {"uv": [8, 6.5, 6, 8.5], "texture": "#1"}
			}
		},
		{
			"from": [3.75, 0.75, 6.5],
			"to": [6.25, 5.5, 12],
			"faces": {
				"north": {"uv": [9, 0, 9.75, 1.25], "texture": "#1"},
				"east": {"uv": [0, 8.5, 1.5, 9.75], "texture": "#1"},
				"south": {"uv": [9, 1.25, 9.75, 2.5], "texture": "#1"},
				"west": {"uv": [1.5, 8.5, 3, 9.75], "texture": "#1"},
				"up": {"uv": [3.75, 10, 3, 8.5], "texture": "#1"},
				"down": {"uv": [4.5, 8.5, 3.75, 10], "texture": "#1"}
			}
		},
		{
			"from": [11, 17, 6],
			"to": [12.75, 23.75, 13.5],
			"faces": {
				"north": {"uv": [7.5, 8.5, 8, 10.25], "texture": "#1"},
				"east": {"uv": [0, 6.75, 2, 8.5], "texture": "#1"},
				"south": {"uv": [9, 2.5, 9.5, 4.25], "texture": "#1"},
				"west": {"uv": [2, 6.75, 4, 8.5], "texture": "#1"},
				"up": {"uv": [7, 10.5, 6.5, 8.5], "texture": "#1"},
				"down": {"uv": [7.5, 8.5, 7, 10.5], "texture": "#1"}
			}
		},
		{
			"from": [12.25, 17.5, 6.5],
			"to": [14.25, 23.25, 12.75],
			"faces": {
				"north": {"uv": [9, 4.25, 9.5, 5.75], "texture": "#1"},
				"east": {"uv": [8, 6.5, 9.5, 8], "texture": "#1"},
				"south": {"uv": [4.75, 9.5, 5.25, 11], "texture": "#1"},
				"west": {"uv": [8, 8, 9.5, 9.5], "texture": "#1"},
				"up": {"uv": [5.75, 11, 5.25, 9.5], "texture": "#1"},
				"down": {"uv": [6.25, 9.5, 5.75, 11], "texture": "#1"}
			}
		},
		{
			"from": [1.75, -16, 13.75],
			"to": [9, -14, 20],
			"faces": {
				"north": {"uv": [0, 6, 3.5, 7], "texture": "#0"},
				"east": {"uv": [0, 7, 3, 8], "texture": "#0"},
				"south": {"uv": [3.5, 6, 7, 7], "texture": "#0"},
				"west": {"uv": [7, 0, 10, 1], "texture": "#0"},
				"up": {"uv": [3.5, 3, 0, 0], "texture": "#0"},
				"down": {"uv": [3.5, 3, 0, 6], "texture": "#0"}
			}
		},
		{
			"from": [2.5, -14, 13.75],
			"to": [9, -13.5, 19.75],
			"faces": {
				"north": {"uv": [7, 1, 10.5, 1.5], "texture": "#0"},
				"east": {"uv": [7, 2, 10, 2.5], "texture": "#0"},
				"south": {"uv": [7, 1.5, 10.5, 2], "texture": "#0"},
				"west": {"uv": [7, 2.5, 10, 3], "texture": "#0"},
				"up": {"uv": [7, 3, 3.5, 0], "texture": "#0"},
				"down": {"uv": [7, 3, 3.5, 6], "texture": "#0"}
			}
		},
		{
			"from": [9, -8.25, 15],
			"to": [10.25, 5, 18.5],
			"faces": {
				"north": {"uv": [9.5, 2.5, 9.75, 5.75], "texture": "#1"},
				"east": {"uv": [8, 0, 9, 3.25], "texture": "#1"},
				"south": {"uv": [4.5, 9.5, 4.75, 12.75], "texture": "#1"},
				"west": {"uv": [8, 3.25, 9, 6.5], "texture": "#1"},
				"up": {"uv": [9.75, 6.75, 9.5, 5.75], "texture": "#1"},
				"down": {"uv": [6.5, 9.5, 6.25, 10.5], "texture": "#1"}
			}
		},
		{
			"from": [5, -14, 15],
			"to": [9, 13, 18.5],
			"faces": {
				"north": {"uv": [0, 0, 1, 6.75], "texture": "#1"},
				"east": {"uv": [1, 0, 2, 6.75], "texture": "#1"},
				"south": {"uv": [2, 0, 3, 6.75], "texture": "#1"},
				"west": {"uv": [3, 0, 4, 6.75], "texture": "#1"},
				"up": {"uv": [5.5, 9.5, 4.5, 8.5], "texture": "#1"},
				"down": {"uv": [6.5, 8.5, 5.5, 9.5], "texture": "#1"}
			}
		},
		{
			"from": [3.5, 12.25, 13.5],
			"to": [11, 25, 21],
			"faces": {
				"north": {"uv": [4, 0, 6, 3.25], "texture": "#1"},
				"east": {"uv": [4, 3.25, 6, 6.5], "texture": "#1"},
				"south": {"uv": [4, 0, 6, 3.25], "texture": "#1"},
				"west": {"uv": [6, 3.25, 8, 6.5], "texture": "#1"},
				"up": {"uv": [6, 8.5, 4, 6.5], "texture": "#1"},
				"down": {"uv": [8, 6.5, 6, 8.5], "texture": "#1"}
			}
		},
		{
			"from": [3.75, 0.75, 14],
			"to": [6.25, 5.5, 19.5],
			"faces": {
				"north": {"uv": [9, 0, 9.75, 1.25], "texture": "#1"},
				"east": {"uv": [0, 8.5, 1.5, 9.75], "texture": "#1"},
				"south": {"uv": [9, 1.25, 9.75, 2.5], "texture": "#1"},
				"west": {"uv": [1.5, 8.5, 3, 9.75], "texture": "#1"},
				"up": {"uv": [3.75, 10, 3, 8.5], "texture": "#1"},
				"down": {"uv": [4.5, 8.5, 3.75, 10], "texture": "#1"}
			}
		},
		{
			"from": [11, 17, 13.5],
			"to": [12.75, 23.75, 21],
			"faces": {
				"north": {"uv": [7.5, 8.5, 8, 10.25], "texture": "#1"},
				"east": {"uv": [2, 6.75, 0, 8.5], "texture": "#1"},
				"south": {"uv": [7, 3.5, 7.5, 5.25], "texture": "#1"},
				"west": {"uv": [2, 6.75, 4, 8.5], "texture": "#1"},
				"up": {"uv": [7, 10.5, 6.5, 8.5], "texture": "#1"},
				"down": {"uv": [7.5, 8.5, 7, 10.5], "texture": "#1"}
			}
		},
		{
			"from": [12.25, 17.5, 14],
			"to": [14.25, 23.25, 20.25],
			"faces": {
				"north": {"uv": [4.75, 9.5, 5.25, 11], "texture": "#1"},
				"east": {"uv": [9.5, 6.5, 8, 8], "texture": "#1"},
				"south": {"uv": [5.5, 9.25, 6, 7.75], "texture": "#1"},
				"west": {"uv": [8, 8, 9.5, 9.5], "texture": "#1"},
				"up": {"uv": [5.75, 11, 5.25, 9.5], "texture": "#1"},
				"down": {"uv": [6.25, 9.5, 5.75, 11], "texture": "#1"}
			}
		},
		{
			"name": "poop",
			"from": [13, 3, 13.25],
			"to": [21, 22, 13.25],
			"faces": {
				"north": {"uv": [0, 0, 4, 9.5], "texture": "#2"},
				"east": {"uv": [0, 0, 0, 9.5], "texture": "#2"},
				"south": {"uv": [0, 0, 4, 9.5], "texture": "#2"},
				"west": {"uv": [0, 0, 0, 9.5], "texture": "#2"},
				"up": {"uv": [4, 0, 0, 0], "texture": "#2"},
				"down": {"uv": [4, 0, 0, 0], "texture": "#2"}
			}
		}
	],
	"display": {
		"thirdperson_righthand": {
			"rotation": [-2.16, -1.3, -2.08]
		},
		"firstperson_righthand": {
			"rotation": [0, -53, 0],
			"translation": [7, 4, 0],
			"scale": [0.5, 0.5, 0.5]
		},
		"ground": {
			"translation": [0, 19.5, 0]
		},
		"gui": {
			"rotation": [0, -180, 0],
			"scale": [0.5, 0.5, 0.5]
		},
		"head": {
			"rotation": [0, -90, 0],
			"translation": [5.25, -10.5, 10.5]
		},
		"fixed": {
			"rotation": [0, 90, 0],
			"translation": [-5.5, 0, -5.75]
		}
	},
	"groups": [
		{
			"name": "leg1",
			"origin": [0, 0, 0],
			"color": 0,
			"children": [0, 1, 2, 3, 4, 5, 6, 7]
		},
		{
			"name": "leg1",
			"origin": [0, 0, 0],
			"color": 0,
			"children": [8, 9, 10, 11, 12, 13, 14, 15]
		},
		16
	]
}