{
	"credit": "Made with Blockbench",
	"texture_size": [32, 32],
	"textures": {
		"0": "item/texture_for_handle_saber",
		"1": "item/void_saber_texture",
		"particle": "item/texture_for_handle_saber"
	},
	"elements": [
		{
			"from": [0, 0, 0],
			"to": [2, 9, 2],
			"faces": {
				"north": {"uv": [0, 0, 2, 9], "texture": "#0"},
				"east": {"uv": [2, 0, 4, 9], "texture": "#0"},
				"south": {"uv": [4, 0, 6, 9], "texture": "#0"},
				"west": {"uv": [6, 0, 8, 9], "texture": "#0"},
				"up": {"uv": [10, 2, 8, 0], "texture": "#0"},
				"down": {"uv": [10, 2, 8, 4], "texture": "#0"}
			}
		},
		{
			"from": [-0.5, 9, 1],
			"to": [0.5, 32, 2],
			"rotation": {"angle": 45, "axis": "y", "origin": [0, 0, 0]},
			"faces": {
				"north": {"uv": [0, 0, 0.5, 11.5], "texture": "#1"},
				"east": {"uv": [0.5, 0, 1, 11.5], "texture": "#1"},
				"south": {"uv": [1, 0, 1.5, 11.5], "texture": "#1"},
				"west": {"uv": [1.5, 0, 2, 11.5], "texture": "#1"},
				"up": {"uv": [2.5, 0.5, 2, 0], "texture": "#1"},
				"down": {"uv": [2.5, 0.5, 2, 1], "texture": "#1"}
			}
		}
	],
	"display": {
		"thirdperson_righthand": {
			"translation": [7.5, 2.25, 8.25]
		},
		"thirdperson_lefthand": {
			"translation": [-6.5, 0, 6.5]
		},
		"firstperson_righthand": {
			"translation": [7.75, 0, 0]
		},
		"firstperson_lefthand": {
			"translation": [0.5, 0, 0]
		},
		"ground": {
			"translation": [8, 0, 8]
		},
		"gui": {
			"translation": [4.75, -4.25, 0],
			"scale": [0.48633, 0.48633, 0.48633]
		},
		"fixed": {
			"translation": [3.75, 0, 0]
		}
	}
}