{
	"credit": "Made with Blockbench",
	"parent": "item",
	"texture_size": [32, 32],
	"textures": {
		"0": "item/handle_water_blade",
		"1": "item/water_for_tool",
		"particle": "item/handle_water_blade"
	},
	"elements": [
		{
			"from": [0, -10, 0],
			"to": [2, 2, 2],
			"rotation": {"angle": 45, "axis": "y", "origin": [0, 0, 0]},
			"faces": {
				"north": {"uv": [0, 0, 2, 12], "texture": "#0"},
				"east": {"uv": [2, 0, 4, 12], "texture": "#0"},
				"south": {"uv": [4, 0, 6, 12], "texture": "#0"},
				"west": {"uv": [6, 0, 8, 12], "texture": "#0"},
				"up": {"uv": [14, 6, 12, 4], "texture": "#0"},
				"down": {"uv": [14, 6, 12, 8], "texture": "#0"}
			}
		},
		{
			"from": [-1, -12, -1],
			"to": [3, -8.5, 3],
			"rotation": {"angle": 45, "axis": "y", "origin": [0, 0, 0]},
			"faces": {
				"north": {"uv": [8, 0, 12, 4], "texture": "#0"},
				"east": {"uv": [8, 4, 12, 8], "texture": "#0"},
				"south": {"uv": [8, 8, 12, 12], "texture": "#0"},
				"west": {"uv": [0, 12, 4, 16], "texture": "#0"},
				"up": {"uv": [16, 4, 12, 0], "texture": "#0"},
				"down": {"uv": [8, 12, 4, 16], "texture": "#0"}
			}
		},
		{
			"from": [-1.75, 0, -1.75],
			"to": [4.25, 3.5, 1.75],
			"faces": {
				"north": {"uv": [8, 0, 14, 3.5], "texture": "#0"},
				"east": {"uv": [8, 8, 11.5, 11.5], "texture": "#0"},
				"south": {"uv": [10, 0, 16, 3.5], "texture": "#0"},
				"west": {"uv": [8, 4, 11.5, 7.5], "texture": "#0"},
				"up": {"uv": [2, 12.5, 8, 16], "texture": "#0"},
				"down": {"uv": [0, 12.5, 6, 16], "texture": "#0"}
			}
		},
		{
			"from": [2.25, 1, -1.25],
			"to": [8.25, 4.5, 1.25],
			"rotation": {"angle": -22.5, "axis": "z", "origin": [0, 0, 0]},
			"faces": {
				"north": {"uv": [3, 0, 6, 2], "texture": "#1"},
				"east": {"uv": [3, 7, 4.5, 9], "texture": "#1"},
				"south": {"uv": [3, 2, 6, 4], "texture": "#1"},
				"west": {"uv": [7, 4, 8.5, 6], "texture": "#1"},
				"up": {"uv": [3, 7, 0, 5.5], "texture": "#1"},
				"down": {"uv": [6, 5.5, 3, 7], "texture": "#1"}
			}
		},
		{
			"from": [5.25, 4.25, -1],
			"to": [10.25, 6.5, 1],
			"rotation": {"angle": -45, "axis": "z", "origin": [0, 0, 0]},
			"faces": {
				"north": {"uv": [4.5, 7, 7.5, 8], "texture": "#1"},
				"east": {"uv": [7.5, 7, 8.5, 8], "texture": "#1"},
				"south": {"uv": [7, 6, 10, 7], "texture": "#1"},
				"west": {"uv": [4.5, 8, 5.5, 9], "texture": "#1"},
				"up": {"uv": [10.5, 1, 7.5, 0], "texture": "#1"},
				"down": {"uv": [10.5, 1, 7.5, 2], "texture": "#1"}
			}
		},
		{
			"from": [-5.75, 0, -1.25],
			"to": [0.25, 3.5, 1.25],
			"rotation": {"angle": 22.5, "axis": "z", "origin": [0, 0, 0]},
			"faces": {
				"north": {"uv": [0, 0, 3, 2], "texture": "#1"},
				"east": {"uv": [6, 0, 7.5, 2], "texture": "#1"},
				"south": {"uv": [0, 2, 3, 4], "texture": "#1"},
				"west": {"uv": [6, 2, 7.5, 4], "texture": "#1"},
				"up": {"uv": [3, 5.5, 0, 4], "texture": "#1"},
				"down": {"uv": [6, 4, 3, 5.5], "texture": "#1"}
			}
		},
		{
			"from": [-4.75, -8.75, -1],
			"to": [-2.5, -2.75, 1],
			"rotation": {"angle": -45, "axis": "z", "origin": [0, 0, 0]},
			"faces": {
				"north": {"uv": [1, 3, 2, 6], "texture": "#1"},
				"east": {"uv": [0, 3, 1, 6], "texture": "#1"},
				"south": {"uv": [3, 3, 4, 6], "texture": "#1"},
				"west": {"uv": [2, 3, 3, 6], "texture": "#1"},
				"up": {"uv": [2, 3, 1, 2], "texture": "#1"},
				"down": {"uv": [3, 2, 2, 3], "texture": "#1"}
			}
		}
	],
	"display": {
		"thirdperson_righthand": {
			"rotation": [0, 90, 0],
			"translation": [8.25, 14, -4.5]
		},
		"thirdperson_lefthand": {
			"rotation": [-13.58, 76.78, 17.16],
			"translation": [6.25, 13, 9.5]
		},
		"firstperson_righthand": {
			"rotation": [0, 82, 0],
			"translation": [9.75, 18, -4.75]
		},
		"firstperson_lefthand": {
			"rotation": [0, 118, 0],
			"translation": [14, 16, -0.5]
		},
		"ground": {
			"translation": [4, 16.5, 7]
		},
		"gui": {
			"translation": [7.5, 11, 0]
		},
		"fixed": {
			"translation": [6.5, 10.75, 7.5]
		}
	}
}